RMP,V_peak,APD40,APD90,Tri9040,dVdt_max,qNet,Ca_diast,Ca_peak,CTD50,CTD90,EMw90,Tttp,T_peak,Trt50,Trt90,dTdt_max,dTdt_min
-88.4254672,32.87265563,193.85,271.84,77.99,345.4830132,-0.019846708,71.62973462,463.3899147,201.12,352,80.16,168.2,22.8080829,113.93,223.64,0.247722178,-0.14041754
-88.60745871,33.98611038,167.03,241.06,74.03,357.4297284,0.004890578,77.85235873,577.4701737,222.23,421.1,180.04,188.77,37.21457997,132.17,255.24,0.358183096,-0.19624884
-89.02535729,37.50500895,205.67,315.39,109.72,394.2041617,-0.091939636,82.17715323,620.0763496,211.3,407.28,91.89,183.6,39.6318665,137.51,260.63,0.39556624,-0.202318933
-88.17268677,30.13841755,132.39,190.16,57.77,317.273072,0.078397031,82.8075065,571.9046183,178.56,347.6,157.44,167.84,32.80493786,114.94,229.62,0.351301101,-0.195108181
-88.81288622,40.5127647,206.83,298.35,91.52,433.9512904,-0.05083248,60.00133094,390.8206562,268.06,443.64,145.29,199.73,18.89523937,124.13,238.95,0.172615009,-0.109927334
-88.56331082,34.0696033,164.2,215.23,51.03,361.0415075,0.038549201,74.04235072,433.8936366,164.2,292.94,77.71,148.91,17.37529372,98.78,203.07,0.213870902,-0.120459785
-88.52248793,29.99744895,207.57,270.89,63.32,309.9091884,-0.056809773,71.12809619,406.2973295,201.3,342.26,71.37,161.12,16.53991349,112.88,221.74,0.189774176,-0.101772257
-88.25637035,29.92536382,151.11,209.02,57.91,319.1856967,0.056418144,63.04329702,474.8365814,215.75,387.07,178.05,181.09,26.48276328,112.54,224.42,0.260245027,-0.161871508
-88.14685224,29.42800597,144.69,198.34,53.65,313.263127,0.07804843,62.10988134,385.5531574,264.39,489.03,290.69,194.06,18.02264181,123.54,252.07,0.164230806,-0.097105405
-88.0034569,35.22682972,155.85,221.35,65.5,367.1303429,0.019709137,78.03992346,477.2347514,195.7,349.45,128.1,171.26,24.80031804,110.28,221.34,0.26221007,-0.155563079
-88.73921375,42.32896607,208.36,299.38,91.02,455.9014048,-0.078624782,68.22541193,438.0156821,228.79,379.39,80.01,177.82,21.57125278,122.15,232.82,0.2231924,-0.126589196
-88.36678861,39.29213989,125.61,186.41,60.8,420.9748329,0.108444799,70.33904861,421.3233865,256.18,497.92,311.51,187.72,21.33166894,132.26,268.96,0.205212047,-0.107123694
-88.53491427,34.81785027,179.86,250.54,70.68,368.9395711,0.013015119,77.72569237,522.3100043,159.55,295.81,45.27,153.49,25.08765949,103.82,209.1,0.296194728,-0.166471273
-88.82180107,28.63146746,235.67,324.33,88.66,299.6161676,-0.096907071,67.42838513,454.5991991,253.59,436.85,112.52,189.48,24.71246387,133.76,253.02,0.240219549,-0.132031481
-88.35061274,22.23158041,137.81,190.47,52.66,242.0398459,0.080934778,76.74661908,484.1700813,226.69,442.45,251.98,181.89,27.20332643,128.28,257.11,0.269776286,-0.142598874
-87.94441491,37.61889108,136.81,205.29,68.48,409.9456969,0.083561576,74.83959095,452.7660072,178.88,323.84,118.55,160.62,20.98948629,102.38,210.4,0.236404557,-0.139580618
-88.84295726,25.6563768,263.83,349.41,85.58,267.6558316,-0.118079808,72.23323177,428.2705772,225.86,389.96,40.55,171.33,19.72576688,127.38,244.88,0.212753293,-0.105202799
-88.77056505,25.9016977,244.93,320.09,75.16,278.6343888,-0.105983301,75.64620355,633.3953414,180.28,337.28,17.19,170.52,38.06751486,120.12,229.48,0.403958169,-0.222990683
-87.85307117,28.41209358,178.86,269.66,90.8,306.7934946,0.019627812,74.08382769,499.335506,185.98,347.04,77.38,164.17,25.45612906,112.24,223.68,0.28192087,-0.156091477
-88.40347762,27.85402547,169.17,227.78,58.61,297.6222278,0.013633631,72.07725121,526.7157081,195.84,356.4,128.62,173.29,29.83568905,113.38,224.09,0.31081692,-0.183600065
-88.51629004,39.74313686,163.95,225.16,61.21,424.7565114,0.012757129,75.75343521,550.3325925,163.77,297.33,72.17,158,28.46695978,103.49,207.67,0.325515534,-0.192733089
-88.13286017,33.31763611,168.39,239.33,70.94,347.0335945,-0.003472128,72.12072428,481.8813889,216.71,378.4,139.07,183.02,27.1992376,114.89,226.81,0.267579664,-0.165925286
-87.85092589,28.03602861,168.44,239.9,71.46,302.2846489,0.04365074,73.13299897,501.2024368,162.14,290.08,50.18,153.89,23.99848403,99.07,201.82,0.281436638,-0.167636514
-88.50044331,35.11621469,155.61,229.79,74.18,369.0241175,0.044247945,79.31273842,522.7571325,202.63,379.87,150.08,176.23,29.77195931,119.56,236.8,0.306435633,-0.171679278
-88.23073627,27.18224439,187.84,266.33,78.49,287.1285287,-0.032056652,79.95449779,668.5898018,173.93,328.34,62.01,170.84,40.86025352,116.72,225.8,0.432300059,-0.249195318
-88.55021512,40.23723762,177.24,248.45,71.21,429.9013788,-0.031686346,79.34242075,544.1293459,183.97,329.8,81.35,167.44,30.01697172,112.87,221.38,0.325085831,-0.187939074
-88.04554153,29.05207463,192.18,283.21,91.03,303.4006932,-0.023231545,58.53504442,464.711679,244.04,412.09,128.88,195.99,27.13155515,118.28,229.28,0.247237903,-0.163900863
-88.39203512,37.16995373,174.87,246.67,71.8,400.3657893,0.00395583,74.6530135,529.0357946,167.83,302.18,55.51,158.08,27.0001781,104.48,208.86,0.30852756,-0.180457166
-88.19272296,24.70982481,145.52,197.66,52.14,265.3463011,0.050999015,84.38022051,563.6087333,150.23,291.41,93.75,152.94,28.5010664,102.3,209.63,0.335862422,-0.189794028
-87.93497059,28.25196107,215.54,312.74,97.2,305.535221,-0.037666356,72.54553409,566.4087655,199.42,342.8,30.06,177.44,34.43542259,116.59,223.27,0.348954606,-0.210757893
-88.27305537,31.10793769,195.32,290.31,94.99,333.3107849,0.007458725,79.16459177,471.6262265,162.35,311.08,20.77,150.3,20.48962729,106.14,215.99,0.249196542,-0.128888703
-88.52605408,39.55568067,205.37,292.45,87.08,429.3079284,-0.034852494,71.63428,429.5256613,194.04,331.73,39.28,160.25,18.51938945,111.89,219.56,0.212601553,-0.113297744
-88.18010566,32.72263109,183.72,263.09,79.37,339.9582613,-0.022437192,87.51382758,601.0980665,155.79,296.26,33.17,157.73,32.45193796,108.51,215.81,0.371052649,-0.207836105
-88.06245289,38.87433731,169.76,263.84,94.08,408.0721481,-0.011491871,73.41731751,472.6415381,227.66,421.55,157.71,181.54,25.55441524,126.32,248.21,0.258200972,-0.140194682
-88.64704916,41.63723149,216.51,322.11,105.6,448.6482304,-0.059107579,71.92628713,407.6149304,204.49,348.65,26.54,160.87,16.55156245,117.31,228.55,0.190785174,-0.095287516
-88.44438099,25.75128009,180.58,254.84,74.26,258.4629609,-0.041709658,73.82290953,522.0027936,197.07,348.28,93.44,171.28,28.79545924,115.97,225.22,0.30534728,-0.176104213
-88.68041312,26.71472113,258.56,345,86.44,267.99178,-0.134740365,64.99771718,513.6253107,249.34,416.33,71.33,194.44,31.98494269,133.34,247.22,0.298962194,-0.173120615
-88.3715914,19.75392653,234.71,308.22,73.51,225.1962274,-0.049503546,75.70368356,488.5676375,185.49,346.97,38.75,161.7,23.73359849,115.37,228.2,0.267933156,-0.139428816
-88.83057456,29.35047254,208.38,271.33,62.95,307.9168581,-0.051210866,61.49215092,439.9557908,240.5,406.98,135.65,188.16,23.18863373,120.52,232.31,0.224760612,-0.138774926
-88.11769862,30.27791699,180.33,241.94,61.61,319.3309196,0.018321799,71.51269735,461.8241659,168.35,293.86,51.92,152.79,20.27043774,100.53,203.32,0.241726299,-0.140160129
-88.41241747,30.94023403,263.65,404.39,140.74,322.9750435,-0.128098026,66.40779165,518.4521609,248.43,424.95,20.56,192.43,32.14224355,136.9,254.93,0.304160556,-0.165443121
-88.00794542,22.18458537,150.78,205.14,54.36,219.1166936,0.056920066,71.42255596,423.9349222,206.6,383.92,178.78,170.11,19.52993527,112.13,228.55,0.208338836,-0.117614586
-87.96578159,39.18429288,152.09,230.34,78.25,412.5699278,0.043625459,71.46638649,482.0646694,196.15,356.31,125.97,170.93,24.80500388,110.51,221.25,0.262816961,-0.155132302
-88.708389,36.33584092,206.6,272.89,66.29,383.2595509,-0.050006435,68.84673822,440.1423545,188.92,322.79,49.9,158.53,19.27290297,109.48,215.04,0.222610125,-0.121531593
-88.55151226,34.03849643,180.4,248.73,68.33,357.2134728,-0.004586367,78.00073113,496.4930805,177.06,322.56,73.83,159.73,24.39703154,109.08,217.69,0.27804312,-0.154861684
-88.96370224,40.76316744,208.51,280.63,72.12,444.007904,-0.082329055,68.03087146,535.05885,214.53,366.02,85.39,180.27,31.71303146,121.31,229.99,0.319207429,-0.189726246
-88.84514002,38.45120544,210.46,279.26,68.8,408.7944783,-0.084490168,79.06284554,568.4384434,166.05,307.94,28.68,159.43,30.20359782,111.56,217.94,0.342840814,-0.187075924
-88.26198529,24.08452956,176.58,232.18,55.6,264.4337525,0.03999349,65.43506949,391.8101691,198.46,347.47,115.29,163.64,15.58611415,104.94,213.01,0.174823773,-0.102578311
-88.59799895,37.26783974,204.51,286.84,82.33,399.0735618,-0.047157269,71.60873947,593.5428051,177.98,317.61,30.77,167.47,34.15872711,112,216.53,0.367293013,-0.216753259
-88.89135157,26.29596088,275.68,357.71,82.03,237.585771,-0.161926145,58.46413393,386.1940864,266.64,426.35,68.64,185.74,17.11510368,132.66,248.52,0.170476365,-0.089653969
-88.29474591,41.54502671,186.54,260.88,74.34,443.0862499,-0.010672386,67.60204309,399.5391556,186.57,314.91,54.03,154.09,15.15804177,105.48,210.02,0.181969464,-0.099285822
-88.03510089,29.04309998,150.18,227.36,77.18,311.0884765,0.072565804,79.87199888,484.1296857,159.16,306.56,79.2,151.02,21.81017397,102.42,211.45,0.262657782,-0.143684897
-88.13402132,26.80970229,153.84,213.55,59.71,283.2460927,0.057432761,64.73028879,389.1607441,259.05,471.59,258.04,194.16,18.51810772,121.34,247.02,0.168659545,-0.102248016
-88.68568682,34.50017431,205.1,271.51,66.41,361.5668776,-0.036273143,77.15148792,433.9970562,156.19,294.24,22.73,143.44,16.42124289,103.36,210.84,0.210789097,-0.104077935
-88.75251743,38.56281235,152.31,209.25,56.94,415.5593761,0.038216432,74.47426701,525.8877112,188.88,351.13,141.88,169.47,28.94142742,112.52,224.02,0.308917313,-0.177848397
-88.13536462,38.80103723,163.51,236.12,72.61,421.5446242,0.023738254,62.58256217,373.8743486,226.8,393.33,157.21,178.52,15.45077156,110.08,222.27,0.158123877,-0.097062229
-88.44244348,24.95813146,207.41,271.16,63.75,235.4256072,-0.050841133,60.152541,401.8800806,257.16,429.17,158.01,198.1,20.10872946,118.83,231.99,0.182998231,-0.120902631
-88.73696272,32.84322999,245.08,346.91,101.83,341.7610366,-0.13049036,65.19719851,474.3094329,251.6,428.53,81.62,189,26.74212451,134.87,252.19,0.259843022,-0.141397989
-88.1588604,25.96818099,191.77,265.38,73.61,254.3816927,-0.034932527,59.25669131,483.1816084,244.22,417.56,152.18,197.15,29.39111253,120.39,232.79,0.266190361,-0.173983955
-88.8499181,37.95590305,186.45,255.87,69.42,405.119262,-0.057585375,72.8997357,526.2403347,228.36,407.33,151.46,188.15,32.08114612,127.17,244.11,0.310637481,-0.179678862
-88.38411739,28.13233053,170.73,244.31,73.58,296.3024478,0.004745407,94.46421852,675.1816351,150.59,295.39,51.08,160.55,38.48077053,110.55,219.56,0.431552219,-0.242235122
-88.1161019,21.86177452,158.67,209.01,50.34,221.7447835,0.018860545,79.16651576,617.4813844,156.75,299.29,90.28,159.09,34.30565744,105.62,211.82,0.386934521,-0.225629062
-88.11940404,26.57464672,152.87,215.6,62.73,288.6772544,0.035232238,77.17886262,602.6338858,200.06,395.44,179.84,178.56,37.54635547,127.51,248.42,0.380709318,-0.202922598
-88.47996097,25.3714987,281.29,368.96,87.67,271.7283079,-0.112944589,64.15025809,423.1719988,245.09,406.17,37.21,181.89,20.59171129,128.07,243.57,0.207990664,-0.11121292
-88.21879451,29.06974354,214.77,306.28,91.51,304.1236455,-0.032273217,60.45012991,400.2233055,250.38,407.84,101.56,193.51,19.49806545,117.2,227.07,0.182168089,-0.119650152
-87.53315763,35.92627952,122.77,214.72,91.95,380.5863001,0.117426178,70.69453239,377.044989,235.2,454.3,239.58,175.88,15.58065742,120.98,251.19,0.161290708,-0.084905703
-88.97727729,34.81014949,230.6,331.26,100.66,365.4691575,-0.082245723,66.7489088,442.422477,252.39,439.46,108.2,185.67,22.81209068,134.53,255.42,0.227115441,-0.119206403
-88.49618098,26.86849242,226.38,304.34,77.96,268.3919545,-0.082747168,60.84667627,406.2921045,247.94,410.44,106.1,186.2,19.26555241,123.01,234.94,0.190092289,-0.113188394
-87.57618269,36.16926623,172.17,261.99,89.82,382.1878971,0.001015282,73.51911468,499.339786,180.49,331.31,69.32,161.49,24.86593125,109.58,218.37,0.279785078,-0.157211239
-88.75114701,33.67819243,229.3,296.51,67.21,353.5321584,-0.096017073,75.19119369,495.0113426,188.13,326.67,30.16,163.45,24.92708037,114.72,221.88,0.277613593,-0.149836479
-88.19803104,21.23154338,164.3,236.08,71.78,225.8683361,-0.018107874,83.75693885,610.4500509,160.1,305.32,69.24,160.2,33.66957886,109.97,217.73,0.379826113,-0.213730693
-88.09119065,25.47654086,216.43,282.88,66.45,275.4166094,-0.047308527,70.54348995,420.9181593,200.74,332.95,50.07,164.37,18.33077171,110.49,216.49,0.204704804,-0.116227141
-88.49234319,25.7663354,161.61,214.31,52.7,265.8150201,0.000572044,81.86653238,626.4761948,192.77,367.02,152.71,178.71,39.71853045,122.81,238.61,0.401157823,-0.225910138
-88.74235099,33.91714567,191.34,255.4,64.06,357.1510734,-0.03241367,72.35918508,526.7552643,200.04,347.94,92.54,174.38,29.89096686,114.73,222.83,0.31069497,-0.18639742
-88.66758282,26.37375051,221.2,300.05,78.85,280.9488248,-0.061001225,71.60669662,548.8431992,221.7,393.03,92.98,184.98,33.93248096,127.16,241.56,0.333128854,-0.190680429
-88.60560155,18.96117213,191.15,247.03,55.88,214.1643453,0.004592337,79.41427939,618.9212982,152.94,300.05,53.02,156.55,33.44909409,107.15,214.13,0.385281068,-0.216284958
-88.25483655,24.98310684,188.67,254.49,65.82,272.5026285,0.000879994,67.19804086,498.6954749,205.85,356.54,102.05,176.7,27.91233552,112.02,219.84,0.284663263,-0.176792343
-88.62296417,34.44711571,193.84,266.7,72.86,372.2734442,-0.032561006,69.80208671,612.6533662,186.2,328.66,61.96,173.23,37.51084155,113.34,218.32,0.389278352,-0.239074913
-88.29109385,24.4686788,190.59,254.86,64.27,228.189626,-0.004974603,74.94352105,450.2226484,170.39,303.56,48.7,152.27,19.22576573,103.78,209.32,0.230798325,-0.126832082
-87.68322475,27.21914311,181.45,262.35,80.9,279.5706887,-0.006236899,60.19689037,403.7285081,245.78,414.97,152.62,195.25,20.1265054,112.7,224.48,0.183055452,-0.124766307
-88.30056281,36.09231544,193.69,291.58,97.89,388.0725831,-0.042646408,84.2471109,638.4961005,170.6,321.97,30.39,167.43,37.69782841,116.21,225.54,0.406996611,-0.228134723
-88.49281857,23.38686881,191.19,271.01,79.82,252.3395124,-0.01234753,64.84234877,498.8943275,245.78,446.74,175.73,194.28,30.3945543,129.4,250.45,0.283500872,-0.164576741
-88.55209512,23.36095279,169.44,221.84,52.4,256.9194032,0.039396682,82.90139189,465.1289593,148.06,286.56,64.72,143.97,18.8985541,99.23,207.04,0.239865916,-0.127429391
-87.83061364,26.03814586,179.94,251.42,71.48,280.2399097,0.03061125,80.71082558,459.3275531,155.24,279.48,28.06,147.11,19.16697914,98.67,202.83,0.237637635,-0.132041046
-88.71675194,40.8604382,185.62,260.23,74.61,434.6747965,-0.067448549,77.30652334,586.6703583,179.61,329.86,69.63,167.52,33.63034815,114.81,223.26,0.363311192,-0.207385041
-88.3923294,26.80836515,214.95,303.93,88.98,281.1471292,-0.067996745,73.25796612,474.3309708,246.02,431.82,127.89,190.98,27.05937423,131.44,251.89,0.259940482,-0.146565056
-88.24438448,37.4734034,187.31,267.94,80.63,401.4429725,-0.007393709,79.15386252,483.8106521,168.33,301.56,33.62,154.6,22.37187298,105.8,211.61,0.263793325,-0.145071993
-88.74770082,31.45150419,251.35,329.49,78.14,330.5628204,-0.073400863,62.54834157,382.3575695,224.61,365.83,36.34,167.65,15.10872037,118.62,228.5,0.166923167,-0.086888297
-88.50445174,35.64836399,160.82,230.47,69.65,371.2085979,0.033713313,88.06601849,439.569201,151.87,285.92,55.45,144.03,16.85016031,101.22,210.02,0.215498871,-0.111302892
-87.75375704,37.90812757,164.62,247.21,82.59,397.8249901,0.028257182,68.16790577,404.5413821,207.79,353.85,106.64,172.21,17.84188644,106.35,214.27,0.188776948,-0.117095741
-88.55857476,38.3477735,171.85,236.59,64.74,406.2981103,-0.012527989,72.40309629,502.6961252,202.2,353.79,117.2,175.22,27.83645804,112.93,221.97,0.28782405,-0.174457088
-88.34179014,35.12261326,176.59,252.07,75.48,363.6327915,-0.0235964,78.85651425,513.1323079,210.7,379.2,127.13,179.26,29.32146421,120.92,236.22,0.29794734,-0.170580859
-88.15212447,39.85499634,166.86,267.59,100.73,430.9193599,0.00221845,82.16369802,501.701663,205.3,381.15,113.56,174.04,27.1868288,122.21,240.81,0.285850952,-0.154034733
-88.86549399,29.92024881,252.83,327.14,74.31,309.6319343,-0.132939596,72.44244348,577.5610701,191.92,342.9,15.76,172.05,33.98590694,120.42,229.04,0.357238568,-0.197037469
-87.76861401,40.28361174,134.86,219.91,85.05,425.4297748,0.052331659,92.18185542,539.6355168,187.15,361.05,141.14,170.66,30.25207661,118.99,238.36,0.321359381,-0.173039307
-88.56407549,41.85324536,188.18,267.93,79.75,450.6717333,-0.032823733,76.37625948,433.317081,172.1,311.84,43.91,150.33,17.38149449,107.42,215.68,0.213160143,-0.10854648
-88.16282252,36.39801894,149.14,250.74,101.6,381.100531,0.05599789,78.84094069,481.3616307,198.58,380.48,129.74,169.12,24.61096246,118.07,237.21,0.265275554,-0.141824992
-88.54771268,26.60616742,249.62,340,90.38,246.9604562,-0.093858762,69.05713297,497.5012355,231.31,394.87,54.87,184.22,28.66881687,127.91,241.65,0.283269702,-0.157719171
-88.85160288,35.93775481,178.17,251.54,73.37,380.094332,-0.024164683,76.44214846,577.8474147,210.29,396.24,144.7,181.94,35.89448706,127.72,246.43,0.359169313,-0.197286715
-88.51453946,41.45564365,152.37,213.65,61.28,447.794763,0.04821655,82.74230178,523.3058519,147.31,274.1,60.45,148.08,24.28833673,98.36,202.37,0.297370888,-0.169389288
-88.9912149,38.03229392,201.43,296.83,95.4,406.0339658,-0.053351253,81.68582025,599.3816715,194.97,360.34,63.51,175.88,36.44715198,124.78,238.58,0.376860869,-0.206551856
-88.58980468,33.36671986,205.8,319.36,113.56,348.3246206,-0.032109516,76.40254265,577.5797214,183.47,352.13,32.77,167.99,32.58780834,119.73,232.9,0.352523016,-0.188631269
-88.21834384,21.95683476,218.3,307.86,89.56,244.4405536,-0.032297376,73.91880778,510.013449,194.13,363.12,55.26,167.46,26.8063999,118.43,232.32,0.291927231,-0.155822659
-88.68885181,30.98166747,205.28,278.01,72.73,324.9245475,-0.069632693,75.82996202,538.5176053,215.85,381.86,103.85,181.87,32.26689569,124.8,238.82,0.322925485,-0.18493442
-88.83994139,33.05903634,210.37,267.88,57.51,346.2803043,-0.061320003,68.34380455,433.4605554,204.81,341.87,73.99,166,19.6965471,113.1,219.77,0.21764313,-0.123145405
-88.55946977,31.93381163,199.58,264.7,65.12,335.2002593,-0.024777456,73.94501963,535.6266734,158.42,293.89,29.19,152.95,26.3261856,104.21,208.29,0.311421822,-0.173904631
-88.45770318,38.37564941,203.12,274.3,71.18,412.9199075,-0.036080959,71.74216849,443.3326984,158.8,292,17.7,145.22,17.50548184,101.91,206.81,0.221064264,-0.11379589
-87.85991018,34.37052151,165.45,259.05,93.6,367.0294744,0.021698793,81.4785167,529.8151074,181.26,331.88,72.83,166.06,28.54688324,111.36,221.59,0.311361647,-0.1781728
-88.41737442,36.36603539,175.76,239.35,63.59,384.9492614,-0.010226515,68.65194091,495.7732091,187.77,324.31,84.96,166.44,25.68909003,106.39,210.94,0.279172982,-0.171196014
-88.85232094,36.42508248,238.24,337.12,98.88,387.0208441,-0.09856606,64.73381505,449.7459717,252.1,409.56,72.44,191.05,24.50356957,128.9,241.29,0.234438178,-0.136768504
-88.39008247,35.42262726,237.95,350.9,112.95,380.1460691,-0.102357525,68.30694722,456.0020816,230.29,387.97,37.07,178.66,23.52809417,126.09,239.59,0.241367918,-0.129779302
-88.79101903,34.14777515,164.65,218.15,53.5,355.2978001,0.007465825,72.2067437,553.7582143,178.99,324.76,106.61,166.34,30.86851388,108.17,214.61,0.334414759,-0.200343115
-88.89928653,39.46965768,178.66,259.79,81.13,420.8893205,-0.021180188,79.2945376,614.6204201,188.33,351.73,91.94,174.37,37.42210412,120.41,232.61,0.389145469,-0.220184472
-88.40293624,30.90225527,178.76,246.57,67.81,319.2484255,0.006587607,66.28309861,416.9696157,212.4,371.84,125.27,172.09,18.90479526,111.74,222.53,0.201366227,-0.118303801
-88.4537879,37.34820161,164.14,253.35,89.21,402.8805848,0.006720005,78.69099969,597.9304984,205.34,390.58,137.23,181.7,37.72705255,127.14,245.9,0.377045967,-0.207623573
-88.16037671,38.0316117,172.33,249.15,76.82,402.9130137,0.002363366,60.87685426,371.6601175,241.65,411.74,162.59,188.24,16.0626775,111.75,224.42,0.154322825,-0.100006944
-87.86120717,25.46580171,193.23,265.88,72.65,273.2353613,-0.018837816,69.12865472,485.1790473,203.63,343.77,77.89,175,26.26427852,109.95,215.85,0.270720901,-0.170419101
-88.45320387,25.26944871,158.5,228,69.5,257.1289037,0.029939578,73.90538932,512.9588144,229.39,442.89,214.89,185.37,30.49194225,130.86,257.73,0.298569305,-0.159103894
-88.41922938,33.61399841,160.69,232.66,71.97,353.2312303,0.016925301,83.06463947,681.0509777,144.41,282.66,50,156.19,37.75597346,105.33,210.36,0.433996552,-0.25077792
-88.5887582,30.96265129,169.39,228.66,59.27,325.8571788,0.002271378,72.19356096,536.9104939,203.69,376.75,148.09,177.03,31.38181045,118.76,232.85,0.320853013,-0.184270842
-88.06454968,19.5984891,179.66,247.45,67.79,225.6363326,0.009600306,73.81488485,602.3066611,181.78,341.41,93.96,170.58,35.7513357,114.58,224.4,0.378063014,-0.219102017
-88.02255312,23.65155413,169.27,233.08,63.81,255.5236781,0.020912755,81.27454504,493.9804664,184.8,344.66,111.58,164.96,25.09542093,111.77,224.97,0.276397343,-0.15399414
-88.2398737,28.8690274,181.8,245.39,63.59,298.6226942,0.009514813,70.97118709,399.4235494,191.5,325.91,80.52,159.64,15.85273527,105.16,211.38,0.18293094,-0.105283361
-88.26420324,37.72699641,199.87,321.81,121.94,401.0191481,-0.006677335,65.89340363,385.2477089,224.81,381.54,59.73,170.75,15.63074117,117.93,230.37,0.169755798,-0.091671054
-88.14961896,36.2427138,151.78,229.85,78.07,380.3757981,0.052150311,68.31483712,381.310264,279.65,525.76,295.91,197.17,17.79814953,133,271.64,0.163154574,-0.089133714
-87.98577834,35.09638459,195.24,292.5,97.26,372.1627784,-0.055841958,62.73385739,453.3656851,249.88,416.71,124.21,197.63,25.96592456,121.09,233.21,0.236505715,-0.154368118
-88.52239686,29.87468531,187.18,273.61,86.43,314.4326622,-0.016658639,80.99213817,520.9599613,224.66,429.94,156.33,182.84,30.4457178,133.58,260.86,0.305204269,-0.157337004
-88.68989647,33.80011317,158.86,217.25,58.39,354.8774137,0.020205179,87.38850977,663.1381315,154.19,296.08,78.83,161.15,37.8819341,108.56,215.74,0.423178347,-0.244135498
-87.42461426,38.19016344,169.87,261.6,91.73,402.4980428,0.00265994,69.66057692,430.2284177,207.95,350.27,88.67,173.87,20.58327519,108.21,215.42,0.215168523,-0.134147679
-88.29741865,39.02974259,157.3,220.79,63.49,420.1983445,0.032874369,77.88713257,502.7229324,160.49,288.55,67.76,153.34,23.84668812,99.91,203.78,0.281733993,-0.165226946
-88.9348446,29.79642693,212.5,285.08,72.58,312.2236888,-0.070034084,83.90714036,623.1643915,174.52,337.25,52.17,167.74,36.41579421,119.75,232.27,0.393848396,-0.212001941
-88.08915285,38.74713371,140.13,228.36,88.23,421.7212964,0.076974345,74.65468631,448.5176476,251.32,481.85,253.49,189.99,24.31123772,133.38,267.85,0.232638016,-0.122435792
-88.31236815,33.04973459,182.13,250.19,68.06,339.1539058,-0.019487873,75.37228353,488.6189181,179.31,321,70.81,160.02,23.76922239,108.24,215.45,0.270351203,-0.153034556
-88.57725247,38.82689767,198.72,275.52,76.8,414.9508577,-0.014374964,67.18149552,383.2728766,212.43,343.71,68.19,167.62,15.22669167,110.55,216.47,0.167804986,-0.097574022
-87.24561594,28.39948486,184.45,271.23,86.78,296.6409988,0.01632675,72.87683486,418.1653453,168.33,293.32,22.09,148.86,16.15454173,100.21,203.97,0.199129252,-0.109817858
-88.5115915,24.77909845,176.62,233.59,56.97,265.1725804,0.009703545,75.74630007,513.8189564,161.26,301.92,68.33,153.36,24.54688733,103.41,209.48,0.290497578,-0.163338061
-88.08376224,28.47754682,147.64,201.49,53.85,307.6374474,0.061938914,71.13141405,466.4396482,195.46,357.34,155.85,169.49,23.7045946,108.76,220.04,0.25160729,-0.148697986
-88.5434653,38.05557341,210.06,304.8,94.74,402.5390206,-0.060555296,69.52111714,415.140158,217.2,367.86,63.06,168.86,18.20604773,119.14,230.56,0.199305263,-0.106337238
-88.50321873,30.99002346,223.59,307.54,83.95,322.098739,-0.051778796,71.99175363,399.6945264,195.12,337.75,30.21,156.31,15.3762546,113.33,223.62,0.182281131,-0.090989744
-88.3745262,29.84867258,229.47,313.13,83.66,284.8936153,-0.118383517,65.5678592,483.4426591,234.72,390.61,77.48,185.33,27.40190843,125.22,235.83,0.269342787,-0.158715163
-88.19091787,32.53127678,173.71,247.15,73.44,344.0277346,0.011320245,78.37782842,466.5661121,175.92,325.99,78.84,156.77,21.21783543,108.06,218.33,0.247629158,-0.134152791
-88.46695143,26.1185838,222.67,308.07,85.4,241.8906094,-0.075162819,72.62206578,574.4946175,197.19,353.22,45.15,174.96,34.16710071,120.24,229.85,0.353583673,-0.201920517
-88.52925727,34.43301892,151.93,207.92,55.99,362.4981545,0.033821883,81.54211969,541.8883274,168.41,315.04,107.12,160.74,28.56573661,106.87,215.61,0.320886013,-0.184151901
-88.7749259,25.42668774,163.98,214.65,50.67,272.290397,0.033689661,78.86298854,595.1188918,153.03,293.79,79.14,155.32,31.47899114,104.03,209.75,0.364971624,-0.209501888
-88.54376075,41.9396466,193.2,326.73,133.53,450.9234354,-0.046856141,72.42403452,470.671811,255.68,455.84,129.11,193.11,26.83996156,136.7,261.59,0.256467608,-0.138670054
-87.87345599,22.53845315,193.31,276.01,82.7,245.0478722,0.004938461,67.07922554,423.4026176,215.59,375.44,99.43,173.97,19.83186995,113.29,224.5,0.208269541,-0.122480771
-88.73162207,39.52991556,184.97,257.54,72.57,418.3173692,-0.022219924,73.89640503,393.9278504,211.11,365.31,107.77,166.22,15.86242642,115.79,228.98,0.177666396,-0.095490586
-88.54723867,40.40318974,179.49,247.44,67.95,440.3731295,-0.000317015,70.66935378,486.693429,195.84,329.22,81.78,170.62,25.49093203,108.08,212.72,0.270654829,-0.168902083
-88.19101638,40.08750643,162.75,234.23,71.48,428.8300968,0.011571011,73.59010225,485.0692794,188.25,339.06,104.83,165.55,24.42354671,109.46,218.53,0.268569216,-0.155287273
-88.32349665,37.82030399,191.8,288.78,96.98,393.8686866,-0.038388499,75.59382054,548.6734886,185.52,335.99,47.21,167.33,30.40144168,114.95,223.71,0.329353,-0.186108608
-88.80410504,25.07494113,220.49,291.6,71.11,226.7555123,-0.068553128,65.85162105,395.9224916,239.59,399.94,108.34,178.23,17.40212769,123.68,237.34,0.180571231,-0.099436602
-89.00531869,34.34895249,203.1,268.51,65.41,360.6988225,-0.07168316,67.11607114,535.994851,227.3,395.18,126.67,188.23,33.20102514,124.79,237.32,0.32010448,-0.192540009
-88.04198856,37.16511697,139.42,216.32,76.9,399.5679238,0.059639626,77.99481287,529.5429589,196.88,374.89,158.57,173.46,30.09668717,118.16,234.99,0.313057594,-0.174381249
-88.65373571,35.7279475,173.55,234.94,61.39,380.2993653,0.013153085,62.24575627,401.1932289,241.94,424.19,189.25,187.9,19.12866473,116.59,232.47,0.184971657,-0.113805972
-88.25517108,33.51834942,140.95,199.67,58.72,358.9795825,0.071672069,81.36483822,545.5250381,160.2,299.29,99.62,157.28,28.30272492,102.56,209.16,0.323422724,-0.189213629
-87.7853285,23.6229589,166.73,242.63,75.9,256.706603,0.049804229,81.50215489,511.3829678,143.91,275.5,32.87,145.13,22.82354499,97.87,202.79,0.285288879,-0.158021061
-88.62561217,38.90310911,166.13,234.39,68.26,416.6900042,-0.001312187,78.6538728,552.8467245,192.35,346.79,112.4,173.73,32.19594091,114.78,225.25,0.3352019,-0.197574615
-88.22108372,33.37093866,202.14,265.8,63.66,348.0931777,-0.050238981,70.2236606,429.2620077,173.37,303.57,37.77,150.26,17.09154231,104.87,209.46,0.20911402,-0.110540256
-88.4116104,35.63552318,203.07,330.92,127.85,380.2707862,-0.050948038,87.66855702,561.6375123,185.35,362.97,32.05,168.25,31.40225744,124.59,243.83,0.339975597,-0.170835094
-88.25071587,36.30528078,186.81,252.37,65.56,382.8267336,-0.024617715,70.50563685,509.0217656,176.81,305.31,52.94,160.85,25.65100243,105.01,207.8,0.288427262,-0.173097344
-88.88626901,29.83636542,225.07,297.94,72.87,316.0300654,-0.080641618,66.09154214,459.080866,254.31,437.36,139.42,192.76,25.68996533,131.43,249.65,0.244503892,-0.140511523
-88.67154761,38.31177837,182.7,263.13,80.43,404.1682299,0.010053836,73.46537839,407.0913828,171.71,313.38,50.25,147.41,14.88889895,105.32,213.85,0.187120848,-0.094406157
-88.1559197,22.1922957,189.76,261.15,71.39,212.9724309,-0.0028609,70.79932227,478.3033543,218.92,383.65,122.5,181.64,26.46986963,117.24,229.95,0.263581611,-0.158976564
-88.21885251,33.46753268,158.67,219.16,60.49,359.1698743,0.026314719,72.99943682,585.3007597,160.71,288.45,69.29,159.25,32.03564146,100.8,202.85,0.360312335,-0.223713696
-88.6231844,33.44107973,161.99,237.78,75.79,348.2900919,0.027166851,75.59731922,500.9600003,225.16,428.32,190.54,183,28.80117921,128.25,252.8,0.286591242,-0.154042867
-88.04299448,24.37840281,177.69,247.07,69.38,250.5817467,-0.011529133,74.62789883,643.9997827,157.73,294.21,47.14,160.49,36.53895208,105.83,209.43,0.408743809,-0.244553137
-88.67032491,28.64742037,166.48,228.29,61.81,302.5603994,0.004673339,81.73828467,641.3033055,168.25,332.87,104.58,166.07,37.51908536,116.09,228.35,0.40840369,-0.224682358
-88.55364812,32.94361164,212.39,302.83,90.44,347.6700077,-0.039591198,74.27311859,505.3406801,179.83,328.32,25.49,160.52,25.24457457,112.47,221.17,0.286047074,-0.153680442
-87.91415052,37.63720028,155.34,233.47,78.13,404.2764146,0.034010531,71.8602926,424.38154,218.07,384.39,150.92,178.8,20.67010413,112.51,226.35,0.209310791,-0.126525977
-88.1975033,29.12788808,178.01,269.68,91.67,306.3511359,-0.016648212,72.76377235,590.1530514,214.96,406.16,136.48,185.01,37.86002062,129.24,248.41,0.371055649,-0.205705285
-88.47316491,25.25445735,224.73,303.23,78.5,228.4758214,-0.100571541,68.98040948,491.4513099,209.01,354.74,51.51,172.45,26.15355654,119.9,228.47,0.275979335,-0.152813697
-88.25582523,35.46564217,181.39,254.07,72.68,373.8777185,-0.047988611,75.40383961,615.8611293,178.7,324.23,70.16,169.84,36.679714,112.91,219.44,0.389146434,-0.232181314
-88.43683295,24.64854507,188.47,260.54,72.07,263.4070167,0.007843566,76.3139925,470.1577673,188.23,343.47,82.93,162.85,22.66400155,111.63,222.89,0.253943979,-0.139983935
-88.62983926,35.0081362,151.86,208.15,56.29,368.7997101,0.042022758,85.63054567,557.5763842,156.35,295.34,87.19,155.8,28.62577085,103.98,211.25,0.332054653,-0.189255311
-88.79094898,28.37219257,180.86,235.46,54.6,295.554145,-0.032563707,71.36832689,571.2901197,214.52,389.36,153.9,185.65,36.39618544,123.36,237.68,0.354083566,-0.208889669
-88.25543928,27.68927394,192.82,285.24,92.42,298.0447048,-0.019672929,81.22032737,611.7389871,192.72,366.52,81.28,176.15,37.65155278,124.07,239.71,0.387785178,-0.21309219
-88.59372679,36.47377287,242.64,336.49,93.85,390.2657634,-0.084761285,67.54062836,436.5939521,193.31,339.16,2.67,158.81,19.0317665,113.88,224.05,0.219808341,-0.111557168
-87.98138559,32.16569659,203.98,300.23,96.25,342.6766921,-0.015124499,68.67638472,396.1787962,223.25,371.92,71.69,174.38,17.11102927,115.42,225.65,0.180669503,-0.104386972
-88.56253061,39.00243287,205.78,324.04,118.26,413.6895936,-0.062253581,81.54933566,475.6450306,189.97,359.33,35.29,161.57,22.58355285,120.76,238.58,0.257140398,-0.12497852
-88.37216521,30.9776228,164.33,234.9,70.57,325.2182359,0.020406834,68.11281768,503.8355384,224.45,415.85,180.95,184.8,29.42266597,123.15,241.85,0.287431551,-0.165266654
-88.71263171,25.02964436,224.42,294.03,69.61,267.2273381,-0.073256629,76.2923336,494.0216626,210.13,373.01,78.98,173.71,26.44682989,122.83,236.91,0.278463547,-0.150883151
-88.75683124,38.34143538,134.49,186.9,52.41,406.1901336,0.062571994,80.58401319,553.522371,161.5,311.95,125.05,157.63,28.9069969,106.02,214.98,0.330497132,-0.186272717
-88.82576811,41.31954322,250.05,349.65,99.6,452.5217383,-0.14107797,66.4531383,439.1334142,230.51,382.09,32.44,175.05,21.37906762,126.39,239.34,0.224422303,-0.116229211
-88.5402761,41.27717647,228.49,339.62,111.13,441.3436352,-0.131012107,68.04912273,466.2068356,239.54,399.86,60.24,183.15,25.08698765,130.23,243.93,0.251791987,-0.137345098
-88.08963012,35.50069774,150.95,217.83,66.88,370.2742957,0.022400635,77.63766987,589.9925386,174.35,331.98,114.15,167,33.40956873,111.85,221.84,0.36061799,-0.207448982
-88.08804135,21.24893451,219.41,285.84,66.43,240.4940208,-0.034484736,68.26516853,485.3465332,179.11,318.67,32.83,158.7,23.23005196,107.66,212.99,0.266463412,-0.14899145
-88.90542136,25.92313873,193.4,257.73,64.33,258.6437775,-0.04671075,70.18062173,603.98353,209.32,383.3,125.57,183.86,38.84786608,124.94,238.47,0.38308267,-0.222252055
-87.62970432,21.61954111,209.49,299.42,89.93,233.3808048,-0.046346571,74.46559623,635.3363389,172.46,320.7,21.28,167.29,37.56078457,113.53,220.1,0.404830107,-0.234677864
-88.50442703,25.84071069,221.71,287.99,66.28,278.1219689,-0.044768175,74.58418777,454.2088683,178.87,325.11,37.12,155.41,19.93019149,110.2,219.41,0.23496564,-0.121845627
-87.38271846,38.24447078,141.31,230.9,89.59,406.8152355,0.035177016,73.68966934,503.2842362,244.08,462.46,231.56,192.51,30.84925146,133.54,262.81,0.288651613,-0.157322485
-88.53401655,36.02667073,182.14,275.68,93.54,385.3285894,-0.015198603,73.82623285,470.9056306,246.59,442.83,167.15,192.27,26.97256462,130.55,253.84,0.256490024,-0.144813448
-88.59680219,30.07982457,237.15,312.53,75.38,312.503088,-0.101100563,75.30334948,595.0290753,177.36,321.32,8.79,167.08,34.10471419,115.36,221.76,0.368195371,-0.206724308
-88.27021752,25.91159402,206.34,292.89,86.55,275.6961704,-0.041170056,66.12331892,501.5111143,229.44,402.41,109.52,186.16,29.53183025,123.59,237.48,0.287878596,-0.170415279
-88.57090458,23.10663906,183.02,239.87,56.85,250.9758275,0.020579171,60.96753863,382.2223143,244.78,432.14,192.27,187.15,17.05912469,116.18,233.17,0.165754468,-0.101262793
-88.28101059,36.88572816,205.9,314.68,108.78,392.6279312,-0.068196498,78.49923777,540.9796283,198.79,361.6,46.92,172.55,30.62551042,122.68,236.14,0.323275433,-0.17414366
-88.67887118,40.15977174,180.45,261.62,81.17,432.6938631,-0.022062222,63.34633281,462.1878941,251.05,437.15,175.53,196.97,26.84258388,124.64,241.67,0.246532694,-0.152374264
-87.94706659,39.28080385,168.43,244.5,76.07,419.4291617,-0.003910546,71.86128375,486.466827,201.31,342.57,98.07,175.21,26.39841182,108.97,215.55,0.272043441,-0.171877319
-88.42520586,30.70235683,182.39,270.38,87.99,318.673587,0.003617843,72.2489507,397.4505965,259.38,475.4,205.02,190.99,18.55976395,130.34,260.46,0.179174784,-0.097617814
-88.35392939,22.23184471,215.32,305.47,90.15,238.0831088,-0.053767437,67.99566274,391.0268288,231.49,391.07,85.6,172.97,16.37869726,122.47,236.72,0.175614803,-0.093136766
-88.26169353,28.18236587,276.68,376.23,99.55,297.8942737,-0.140053221,68.5245633,439.3427865,232.35,386.24,10.01,176.95,21.6186837,126.93,241.37,0.224457115,-0.117111162
-87.5777227,32.77499971,187.32,299.6,112.28,342.1613132,-0.0161993,63.66337602,416.1616251,248.04,422.86,123.26,192.58,21.16656223,119.45,234.06,0.198742258,-0.12502669
-88.3508749,38.99944719,187.75,305.71,117.96,417.5155754,-0.051273915,81.34263806,622.806468,198.87,383.3,77.59,178.96,38.98454729,129.89,248.64,0.397313882,-0.210709881
-88.58512159,34.34956796,173.29,237.09,63.8,357.7726917,-0.032364098,93.53974316,676.6608837,153.81,298.1,61.01,162.1,39.02126448,111.76,220.43,0.434057566,-0.244794878
-88.14595164,35.00270212,142.44,220.73,78.29,369.2476536,0.089899735,69.93869753,388.4355678,211.31,395.38,174.65,168.32,15.8335895,112.24,230.88,0.172554743,-0.094688521
-88.6578892,38.29120975,196.55,262.86,66.31,411.9094771,-0.02354243,65.22385106,421.5973934,207.1,341.85,78.99,168.02,18.93186032,110.16,215.45,0.20653768,-0.122333384
-88.84858603,37.11764585,243.41,361.01,117.6,392.9310812,-0.10123049,66.57174376,473.1574673,229.35,393.43,32.42,178.15,25.15971725,128.1,242.66,0.258737662,-0.136283369
-88.55465159,26.00317891,182.01,246.2,64.19,275.5312482,-0.007854438,69.67304586,450.6320695,245.59,446.11,199.91,190.78,24.69440287,126.68,249.6,0.235910492,-0.134995236
-88.59435085,40.68286553,159.39,242.24,82.85,428.5341124,0.014810912,76.89573656,415.3020089,231.73,429.1,186.86,179.07,19.352084,124.76,250.2,0.199967353,-0.105979416
-88.4269895,38.82098986,144.92,224.19,79.27,412.0195472,0.075025714,78.21203594,429.534866,166.28,312.63,88.44,149.92,17.05676723,102.24,211.95,0.20920654,-0.112192953
-88.79876011,33.0363806,219.34,303.58,84.24,345.9603924,-0.070990325,68.33593425,417.9024551,252.55,430.89,127.31,187.63,20.56540739,129.48,247.92,0.202689337,-0.11326665
-88.07003969,39.97186768,148.18,223.19,75.01,421.8949606,0.052433693,71.40901831,369.1256898,222.19,395.27,172.08,175.88,14.81198822,110.97,227.69,0.153688812,-0.090419825
-88.33099471,31.90532594,214.58,295.11,80.53,331.622503,-0.0677622,67.28660864,489.5951966,209.77,354.18,59.07,174.35,26.39254142,116.54,223.73,0.274991991,-0.161886694
-89.11355447,26.99899585,278.96,350.39,71.43,254.5896988,-0.171870238,61.95365126,408.9535151,238.33,398.67,48.28,173.16,18.16214941,127.92,244.74,0.193677536,-0.095407105
-88.57281331,39.29140751,208.61,278.44,69.83,421.4287016,-0.092372691,76.76336894,621.1887578,161.14,296.66,18.22,160.67,34.83750263,109.41,213.13,0.390382324,-0.223830848
-88.192409,40.17080386,142.31,210.47,68.16,417.7973415,0.050425605,83.96722535,440.5593489,150.59,283.4,72.93,143.63,16.97854254,98.21,205.64,0.217149054,-0.115949372
-88.42388362,35.08503116,193.41,297.7,104.29,373.6383527,-0.028704353,68.21937121,494.0554101,237.14,413.64,115.94,189.61,29.23903932,126.16,241.9,0.279794252,-0.16505384
-88.56617524,37.88712698,180.48,240.86,60.38,401.1651634,-0.000246729,69.3628934,393.1873807,205.1,334.32,93.46,169.17,16.38074857,105.32,210.09,0.177691228,-0.110770508
-87.82099036,32.8268426,178.01,305.37,127.36,352.0163855,-7.65E-05,82.03963347,507.759782,230.14,435.44,130.07,184.56,29.49869201,134.3,262.35,0.293139593,-0.151378636
-88.24251512,25.87863663,238.33,318.26,79.93,274.7021146,-0.058482841,70.33527399,456.9886761,182.05,323.48,5.22,156.47,20.38467344,110.89,218.52,0.238409187,-0.123549504
-88.65156591,34.68053414,176.53,240.51,63.98,364.9689357,0.013075271,66.31317167,437.3169928,208.18,365.3,124.79,171.71,20.77086151,111.42,221.33,0.221154457,-0.13066045
-88.49731711,30.16903896,182.18,240.82,58.64,312.3578357,0.007124415,69.7684192,415.1766236,201.37,340.87,100.05,167.42,18.21752502,107.36,214.19,0.199510953,-0.119790715
-88.97767589,34.04048633,197.45,286.39,88.94,351.5349366,-0.05417795,73.8774464,588.1762045,221.35,404.88,118.49,187.78,38.12483006,131.19,248.94,0.369714579,-0.20763729
-88.474051,30.24772799,233.45,308.62,75.17,321.1282085,-0.076571592,79.13736948,444.2494156,167.52,311.24,2.62,149.59,18.18792537,108.78,219.11,0.22332939,-0.109832938
-88.91179345,39.55507984,222.71,296.54,73.83,422.194679,-0.089697737,64.912594,421.640319,227.29,370.72,74.18,174.7,19.59760626,120.19,228.94,0.206516318,-0.115971544
-87.57085364,30.62940264,178.17,265.24,87.07,319.9287596,-0.005124036,66.24168828,369.8741004,259.37,451.53,186.29,196.04,16.41747856,118.99,239.82,0.150383933,-0.09477034
-89.05384908,32.52552084,241.58,326.68,85.1,337.8989729,-0.116866867,77.76369847,615.1601592,173.73,333.58,6.9,166.03,35.52232677,118.79,229.53,0.387158696,-0.206016444
-88.4325318,40.90604675,185.53,284.75,99.22,436.0086062,-0.040550283,77.0204136,389.721523,240.59,412.4,127.65,182.51,17.09551869,124.2,243.79,0.174263242,-0.096729533
-88.33068766,33.17050615,167.23,231.74,64.51,345.9862671,0.045402677,75.2537796,419.852712,163.25,294.56,62.82,146.66,15.82764598,99.74,205.23,0.198931099,-0.107772454
-88.39361658,29.39660015,192.32,274.12,81.8,315.5881174,-0.016902181,60.93216539,535.8981612,240.11,419.15,145.03,196.5,35.02269931,125.67,239.75,0.319525186,-0.199608716
-88.50517931,41.17167327,164.54,267.38,102.84,442.8584412,0.006885328,87.87728496,577.5769355,166.33,320.85,53.47,161.46,31.36977646,113.15,224.75,0.351961161,-0.191004882
-88.69895088,41.54369812,182.9,245.69,62.79,452.1390435,-0.03291536,75.00364012,477.3739633,175.84,309.11,63.42,156.95,22.23552208,106.73,212.09,0.258486161,-0.145119594
-88.67366096,37.03340337,195.58,256.93,61.35,395.2114108,-0.012390303,73.30557224,431.2450611,181.54,308.4,51.47,155.39,18.01284282,106.23,210.83,0.212966848,-0.117430642
-88.43864199,35.3393703,178.01,241.85,63.84,372.6914143,-0.007639536,74.46026182,581.9391147,159.95,289.69,47.84,157.6,31.15368566,103.4,205.97,0.355748176,-0.212879025
-88.58534719,41.1801785,208.73,314.13,105.4,444.1746263,-0.10442333,71.87702341,571.0597261,218.2,381.06,66.93,184.38,35.87746785,127.75,239.87,0.353655172,-0.202902472
-88.86982326,36.44797482,148.21,203.22,55.01,382.8118829,0.037335189,74.26206619,562.4231917,220.12,422.5,219.28,186.34,35.51014756,129.56,252.39,0.344311305,-0.189013085
-88.34404538,32.22807822,202.04,287.16,85.12,344.2708954,-0.032462569,76.80512448,622.7321442,170.68,311.92,24.76,166.01,36.40767537,111.7,217.16,0.394815882,-0.230845356
-88.4381048,35.99246199,193.47,283.77,90.3,384.4016974,-0.053731726,69.72412336,505.5742089,236.45,407.41,123.64,191.54,30.75631485,125.6,240.13,0.291172876,-0.176028558
-88.76460183,34.03476928,213.01,292.72,79.71,361.1851705,-0.072516558,71.87895879,608.677109,191.17,346.02,53.3,174.35,36.99441106,119.64,228.17,0.384026859,-0.22128078
-88.89696879,26.03141608,209.94,267.07,57.13,248.6029532,-0.101618543,72.15623451,641.1338462,162.9,303.72,36.65,162.17,36.68691274,111.11,215.13,0.407234665,-0.232587729
-88.31548763,40.08494162,162.22,254.75,92.53,432.3910691,0.013258703,72.48117839,432.6234305,256.81,475.94,221.19,192.2,22.75882539,132.41,262.94,0.217208896,-0.117662783
-88.80171704,25.61111943,188.36,240.74,52.38,268.7604543,-0.000685656,76.81814543,468.6066641,152.78,288.66,47.92,145.21,19.51272704,100.48,206.11,0.245201721,-0.130686674
-87.80748387,38.53393618,119.35,199.18,79.83,401.9206621,0.115532378,74.17198449,420.2970354,192.83,371.92,172.74,161.98,18.11047846,110,227.52,0.203729898,-0.109642633
-88.30849191,28.15926301,254.2,349.8,95.6,296.6172147,-0.101684948,60.39052996,373.5932003,265.8,426.94,77.14,190.37,16.1569055,127.76,241.4,0.156724225,-0.090512722
-87.61720596,38.90636598,219.11,347.09,127.98,416.8299028,-0.075366764,69.65451194,439.0953759,216.37,360.28,13.19,171.58,20.92408205,119.39,229.36,0.223840721,-0.121510509
-88.72975527,22.81578285,169.66,220.93,51.27,248.7459002,0.031919873,71.66678323,439.7425574,225.49,427.7,206.77,177.6,21.77608233,122.93,246.79,0.224698018,-0.120276999
-88.48764308,25.08264943,252.53,336.26,83.73,217.8465827,-0.073355487,70.64364628,475.8770671,205.42,353.8,17.54,170.03,24.34665577,118.19,228.39,0.260648183,-0.141741758
-87.89065097,33.60410771,143.44,232.02,88.58,359.3130332,0.054029982,71.50024084,568.1002682,226.59,436.11,204.09,188.74,36.80598332,132.65,257.29,0.351407393,-0.191095674
-88.61331357,38.63356979,195.49,258.45,62.96,413.5287807,-0.03071725,75.7209155,488.0607481,155.61,284.73,26.28,148.06,21.60138554,102.05,205.69,0.265303181,-0.143029358
-88.32692641,30.77910434,212.78,314.26,101.48,331.9348811,-0.04603639,70.6779095,495.6243949,231.84,417,102.74,183.71,28.13952686,129.79,248.91,0.280084471,-0.151836492
-88.03148886,36.5148947,178.22,265.47,87.25,388.4665858,0.014250329,80.18667232,486.8510042,166.86,298.65,33.18,154.63,22.67690427,104.48,210.12,0.266890489,-0.14949026
-88.99352617,28.66571986,237.68,307.24,69.56,298.5303882,-0.117526078,76.80585531,535.0716606,203.78,363.28,56.04,173.57,30.29568503,124.46,237.12,0.318245205,-0.170366155
-87.57942171,24.95911485,191.72,281.15,89.43,270.9219322,-0.019112235,75.83829469,580.0589908,176.1,333.28,52.13,165.36,32.59113742,113.57,223.2,0.356909716,-0.200160744
-88.79327744,30.68426409,235.32,304.24,68.92,319.3118433,-0.095207137,64.49009756,475.2382737,215.78,360.73,56.49,174.09,24.88833093,119.25,226.9,0.260456012,-0.148120697
-88.50038418,37.94587603,167.69,228.16,60.47,398.8663379,0.024312035,62.6383356,376.7835934,214.43,361.83,133.67,174.15,15.4010207,104.84,212,0.161377362,-0.102590206
-88.68661769,32.31319827,257.73,344.95,87.22,336.6774067,-0.134778379,65.49965774,435.546454,225.8,376.45,31.5,172.61,20.62269661,124.23,236.16,0.219722446,-0.114132009
-88.54593291,35.90908081,177.44,258.66,81.22,373.8724239,-9.89E-06,73.21677558,421.2106709,235.55,411.73,153.07,185.69,20.87716251,120.24,237.87,0.205768335,-0.121379205
-87.8744072,24.75607757,200.67,272.83,72.16,262.70945,-0.006638822,65.85050796,405.2658725,190.35,323.67,50.84,157.49,16.08863416,105.5,210.46,0.18783177,-0.105637292
-88.35219688,27.52083196,221.49,308.87,87.38,292.9583838,-0.061023272,63.42198713,412.9974562,250.39,429.5,120.63,186.57,20.01119874,126.38,243.17,0.197679422,-0.112657715
-88.85579826,24.10324374,235.09,293.22,58.13,259.0040262,-0.048587637,58.23231732,366.9124704,255.27,411.62,118.4,190.21,15.57382077,119.05,229.1,0.150056557,-0.094980818
-87.99812325,34.32145046,168.47,243.64,75.17,357.6890143,0.017518596,61.73929689,396.4497692,229.35,390.83,147.19,184.89,18.48144106,108.72,218.79,0.179571549,-0.118100703
-88.53765648,36.03457628,134.03,194.43,60.4,377.2914123,0.070594424,88.9483326,601.1279986,156.51,307.52,113.09,158.98,32.88879159,108.49,218.96,0.372297454,-0.207293993
-88.01669395,35.72056603,175.01,247.14,72.13,377.4728166,0.00091717,75.25747882,506.7551142,157.15,288.31,41.17,150.74,23.54821718,101.05,204.83,0.283340789,-0.160383894
-87.81789779,28.36385135,201.33,268.74,67.41,296.4179628,-0.029442667,67.79701925,390.754217,201.58,328.46,59.72,163.3,15.51192855,106.96,211.47,0.174950685,-0.102505957
-87.97468074,36.98040017,187.82,320.4,132.58,391.8082562,-0.063493022,75.5830742,573.3983338,238.1,426.86,106.46,195.58,38.28084314,135.91,256.39,0.356116663,-0.201580922
-88.46551745,38.29943623,169.05,233.18,64.13,405.8787739,-0.006210674,82.73995476,583.3020764,156.26,286.68,53.5,156.66,30.9783377,103.9,208.12,0.356138794,-0.209044395
-88.64871783,36.93154565,201.95,297.59,95.64,393.1821281,-0.037369444,60.78552459,410.863112,266.8,452.15,154.56,199.76,21.17567702,125.93,243.24,0.192853567,-0.120147205
-88.04728531,35.64336173,179.12,261.52,82.4,369.1194048,-0.008302755,69.93000797,374.6981684,238.41,411.1,149.58,183.61,15.86574437,116.91,233.48,0.159084902,-0.094633182
-88.44547754,25.74040684,224.87,295.09,70.22,275.3905136,-0.030894119,69.34748844,427.7169281,195.64,332.07,36.98,161.05,18.54878918,110.93,217.72,0.21119004,-0.115018619
-88.3100161,32.27522929,181.5,253.12,71.62,334.7344346,-0.001058421,61.35582315,399.550638,241.9,409.46,156.34,192.09,19.41525653,112.37,223.92,0.181778946,-0.121041801
-87.90869825,37.18308533,172.13,306.09,133.96,402.8677923,0.030111704,64.99817912,392.2001449,259.33,460.79,154.7,191.68,18.33773585,125.57,248.67,0.174603791,-0.100934293
-87.69128338,37.78202577,186.01,299.62,113.61,403.937812,-0.005371134,64.59209865,420.8905153,226.9,369.95,70.33,183.17,20.68146099,111.82,218.68,0.204195409,-0.131999315
-88.2575876,36.68872362,148.1,227.26,79.16,392.3775029,0.063713478,72.48516553,447.200901,203.09,378.78,151.52,169.29,21.54238443,113.84,229.83,0.231846919,-0.128887643
-88.41109649,24.40000929,248.75,324.63,75.88,258.5545218,-0.110271786,71.22784367,498.4553741,181.96,334.26,9.63,160.01,24.57235837,114.17,223.85,0.279706544,-0.145156345
-88.49423167,38.41427099,223.66,329.74,106.08,410.2526218,-0.063768317,68.35200378,436.92395,208.1,356.86,27.12,166.06,19.87010503,118.08,228.7,0.220105296,-0.114960586
-88.51459419,30.03094517,243.38,347.23,103.85,313.6235928,-0.060042503,58.65121442,384.8690615,268.43,435.19,87.96,195.09,17.8424505,126.35,240.17,0.167171048,-0.100655923
-88.62176682,40.2929798,168.87,229.13,60.26,428.1248357,0.023562556,68.77018039,410.235962,192.8,328.41,99.28,162.22,17.11556462,104.46,210.06,0.194008386,-0.114958038
-87.65490503,20.05233278,189.32,264.76,75.44,222.6837002,-0.024706144,67.14855473,472.4502735,189.83,327.28,62.52,163.45,23.04159015,108.51,213.56,0.256223805,-0.148824803
-88.60239482,36.83639281,158.76,222.62,63.86,388.9440237,0.014760654,80.63401242,551.3209673,200.83,371.81,149.19,178.04,32.91937915,119.73,235.28,0.334692555,-0.191364611
-87.93248815,34.02529185,178.81,246.87,68.06,365.9083003,0.005664485,66.27414035,416.9365048,189.32,313.42,66.55,161.44,17.80587395,101.43,203.88,0.201046487,-0.1232903
-88.48666905,31.10666135,203.41,298.18,94.77,324.2063861,-0.017379064,68.64878754,382.1073223,247.11,423.89,125.71,184.65,16.6179679,122.93,241,0.166024475,-0.094851449
-87.83487554,26.32731517,174,255.35,81.35,282.3914954,0.010617394,82.26100542,482.9797061,207.97,391.84,136.49,174.08,25.50709253,122.09,243.29,0.267881186,-0.143163945
-88.22581541,37.87788707,203.97,318.14,114.17,399.8104294,-0.067880218,64.51821608,476.7074859,244.27,409.97,91.83,191.99,27.70845845,125.58,238.19,0.262079672,-0.159515355
-88.28711613,31.08803546,197.86,302.56,104.7,324.581231,-0.011020068,83.13308502,538.4278959,165.7,320.76,18.2,157.55,27.17335325,111.68,222.94,0.313310047,-0.165438002
-87.99809901,38.32796749,160.72,251.55,90.83,416.9799421,0.024430698,66.18502716,456.1074648,240.17,422.16,170.61,192.75,25.81991958,119.64,236,0.239720141,-0.149956877
-88.63860642,29.40416003,205.45,278.62,73.17,298.815733,-0.062542579,67.02210628,561.2390499,203.97,355.64,77.02,178.09,33.79458232,117.63,225.21,0.342670999,-0.207441806
-88.22445301,31.25609107,185.36,269.07,83.71,327.4851048,-0.02087641,71.23584276,498.7598368,213.69,390.49,121.42,177.28,27.60228788,121.45,237.19,0.283466522,-0.159022426
-88.21437211,38.86475831,156.85,260.81,103.96,416.3684596,0.027336678,85.51737146,653.8289624,162.47,314.62,53.81,164.69,38.13342753,112.98,222.54,0.417583633,-0.235995749
-88.2824303,26.98889412,190.67,258.27,67.6,285.5741767,0.001133325,75.12680061,420.5137797,155.55,294.39,36.12,142.1,15.24686021,100.38,207.53,0.197839272,-0.100432448
-88.1537671,30.01024868,193.48,277.31,83.83,319.7797773,-0.025112956,78.42396602,635.4877026,162.54,300.38,23.07,162.87,36.60602384,108.82,213.45,0.403746201,-0.237731768
-88.35357556,35.639351,123.39,183.57,60.18,374.8279958,0.114899754,80.99588584,431.5693752,147.79,281.16,97.59,142.46,16.29457024,94.61,201.24,0.209169761,-0.114427699
-87.9771628,35.22882852,171.21,252.99,81.78,364.0727939,0.015745395,67.83197401,406.5971063,211.68,366.09,113.1,172.2,17.96939804,109.95,220.02,0.191196056,-0.114157431
-88.71323125,37.56478545,201.67,288.94,87.27,396.4236133,-0.017503311,66.02127317,396.227788,221.69,378.05,89.11,169.97,16.55762016,117.79,229.62,0.180532292,-0.098474636
-87.98155202,37.83965194,182.9,285.69,102.79,406.4278529,-0.013628778,67.45558931,448.3329676,232.62,393.03,107.34,187.15,24.06968874,117.65,229.11,0.233006826,-0.145689939
-88.24622654,30.47393908,204.56,282.56,78,325.6754285,-0.016602041,63.57806946,376.6621535,234.94,389.26,106.7,180.58,15.79110112,114.71,225.06,0.160431328,-0.097498569
-88.46972753,32.81657735,208.24,314.25,106.01,346.0438024,-0.044170362,64.61014297,513.1857049,231.16,401.2,86.95,187.21,30.83345353,125.13,238.03,0.298989142,-0.176776917
-87.34198029,33.56345459,181.4,315.83,134.43,360.6686906,-0.007980609,70.42757397,521.1562002,221.11,382.13,66.3,186.03,31.52373712,120.29,231.6,0.304967247,-0.186524303
-87.5285657,30.71803106,149.96,236,86.04,320.3476495,0.016144455,64.88502599,553.4174495,240.15,444.23,208.23,195.92,37.01890343,131.27,253.07,0.336560857,-0.195585114
-87.65442295,39.34910111,169.5,281.51,112.01,420.747524,0.020097419,75.57954668,494.7699621,169.14,315.16,33.65,155.55,23.18937338,106.84,214.67,0.271949565,-0.148569598
-87.86986744,25.47503091,213.36,304.4,91.04,265.2216664,-0.02891668,67.23870528,514.5575145,191.56,333.41,29.01,168.11,27.75786719,111.32,216.95,0.297914566,-0.175267253
-88.10955371,36.27009777,195.59,339.68,144.09,393.3220728,-0.029706366,64.75870982,482.4846274,255.64,432.85,93.17,198.61,29.30955059,129.39,245.27,0.266244633,-0.161591402
-88.11848595,33.19378893,169.54,240.54,71,358.7188731,0.015649866,59.38240744,444.4854843,227.6,390.52,149.98,186.83,23.86705645,111.34,220.84,0.228198204,-0.150101033
-88.66723228,33.60775175,230.88,324.68,93.8,354.7898004,-0.108012141,73.2137934,593.9509987,200.56,361.52,36.84,177.51,36.36594989,124.62,235.66,0.371504898,-0.206743166
-87.7741965,19.33692068,221.79,310.7,88.91,225.0518048,-0.015815862,79.19786746,416.3046429,185.29,338.96,28.26,155.52,16.69440498,111.86,225.52,0.198162139,-0.099632973
-88.47121149,26.67792477,155.48,235.25,79.77,228.6669891,-0.021159277,65.80525725,514.4312573,250.63,463.46,228.21,197.17,32.63009421,133.4,258.18,0.299470985,-0.170182828
-88.51889454,34.43062742,225.97,347.12,121.15,362.4122865,-0.058322699,65.64904442,409.1529282,262.11,430.79,83.67,194.11,20.42575225,128.2,243.9,0.192701943,-0.113502622
-88.14712491,24.10249022,182.65,256.09,73.44,254.8385459,-0.006275994,74.18371216,487.8406472,208.3,378.39,122.3,175.35,26.28884841,117.92,232.56,0.272847875,-0.155360409
-88.37210023,31.27625547,254.03,376.85,122.82,329.1445341,-0.141316191,64.42102375,544.356598,247.24,424.51,47.66,194.38,35.1499745,137.01,253.28,0.329404152,-0.18383253
-88.62491884,36.60802226,185.26,265.9,80.64,395.3979784,-0.023320252,75.86414819,566.5966437,197.25,361.58,95.68,174.97,33.56945941,120.13,232.56,0.347990479,-0.19741435
-88.53922119,40.94417083,125.76,191.86,66.1,441.1501134,0.080338354,83.77907673,611.8439449,165.77,329.59,137.73,163.72,34.83592011,113.24,226,0.383426146,-0.211170652
-88.89776388,34.05219318,190.81,250.45,59.64,353.9969531,-0.057598875,83.58595205,611.2188619,165.87,310.67,60.22,163.03,34.48633489,112.14,219.9,0.382314595,-0.216566829
-88.00771257,27.11560634,188.2,267.6,79.4,288.9038272,-0.032780312,62.75232774,545.5459179,225.67,391.18,123.58,190.74,35.15818626,120.37,230.97,0.329569982,-0.209466831
-88.27401927,34.95840924,206.14,310.74,104.6,369.0471098,-0.01734688,59.12916805,366.1919877,257.59,428.54,117.8,191.42,15.57758216,119.7,233.18,0.149109361,-0.09273869
-88.51355588,40.2576322,134.27,187.91,53.64,429.6360757,0.055785201,88.78392203,577.7323059,158.65,301.56,113.65,159.18,31.18170569,105.84,214.52,0.352269292,-0.20189203
-88.19616163,37.08046227,165.24,247.08,81.84,397.1393354,0.007087745,62.30924251,461.301693,257.34,458.9,211.82,200.01,27.27893515,125.95,246.99,0.243444661,-0.149856696
-88.40105907,38.84214215,178.2,290.85,112.65,406.6126785,-0.025722112,80.75102501,606.3896618,193.9,364.58,73.73,176.41,37.17783498,123.59,238.36,0.382738918,-0.212082769
-88.51996445,37.18456247,144.86,206.8,61.94,398.549413,0.035835065,86.62336558,599.7318534,199.67,389.28,182.48,180.12,37.57464267,127.49,249.37,0.378209737,-0.203052544
-88.1185435,38.1641423,136.95,206.71,69.76,397.8569706,0.07222029,79.43476536,448.6260021,163.58,308.61,101.9,150.96,18.87676003,101.35,210.5,0.228519208,-0.125401429
-88.5928864,25.80028108,206.38,292.61,86.23,269.6646948,-0.032987999,64.64785976,497.1434504,236.97,418.46,125.85,189.16,29.51480972,126.07,241.96,0.283301085,-0.166660692
-88.67262837,27.42594198,190.04,258.11,68.07,290.1253387,-6.54E-05,60.70334541,413.5929623,260.72,454.02,195.91,199.64,21.66361281,121.46,239.83,0.195050263,-0.124399718
-88.5052283,40.01191088,206.25,337.23,130.98,430.7151516,-0.08635674,76.12970961,534.9364283,222.6,400.81,63.58,182.27,31.74850546,131.96,250.18,0.318734604,-0.168712349
-88.60282107,29.09698575,187.84,237.74,49.9,302.1376879,0.001203727,65.77032627,404.6653361,189.24,315.26,77.52,158.35,16.21738265,102.88,205.99,0.18805967,-0.111036665
-87.22558061,24.08607698,136.49,222.94,86.45,263.2193861,0.085670814,85.99148283,605.2419532,141.08,279.87,56.93,150.51,31.16385108,101.46,207.95,0.371421201,-0.209314405
-88.3066559,35.79548237,211.93,315.14,103.21,379.6626796,-0.040311814,72.82914655,458.5800505,202.26,347.21,32.07,167.24,22.06954306,116.2,225.48,0.241508514,-0.131803327
