Model_Index,GNa,GNaL,Gto,GKr,GKs,GK1,Gncx,GNaK,GCaL,GJrel,GJup,Ca50,Myo,Cao
0,1,1,1,1,1,1,1,1,1,1,1,1,1,1
1,1.05159,0.929618,1.3131,1.08456,0.887422,1.03919,0.688507,1.11443,1.18475,0.694036,0.794054,1,1,1
9,1.14547,1.29717,0.648945,0.711821,1.16624,1.05953,0.569206,1.48083,0.978903,1.08005,0.892325,1,1,1
10,0.877374,0.683439,1.34441,1.42568,0.835733,0.792315,0.590576,1.02489,1.00358,0.673526,1.06157,1,1,1
16,1.38541,0.790886,0.821897,0.942849,0.645782,1.25393,1.24004,1.28338,1.28513,1.35051,0.631997,1,1,1
17,1.04748,1.03119,1.40467,1.46026,1.45721,1.4418,0.967371,1.13617,0.89238,0.959977,1.29484,1,1,1
18,0.817171,1.48973,0.669151,1.2977,0.557366,0.927963,1.0533,1.27921,0.908987,0.892652,1.06251,1,1,1
22,0.926233,0.507939,1.46523,1.46226,1.23801,1.09635,1.13727,0.78313,1.35061,1.31439,0.76945,1,1,1
24,0.900352,0.580021,0.920002,1.27736,1.31419,1.43722,0.85513,0.668735,1.08057,0.977431,0.518824,1,1,1
26,1.13305,0.883037,0.633609,1.47021,1.28636,0.697414,0.913314,0.993682,1.19707,0.534495,1.00431,1,1,1
27,1.49827,1.11185,0.684479,1.06267,0.608134,0.962531,1.20413,1.3847,1.24485,1.06793,0.898672,1,1,1
32,1.37736,0.564184,1.12208,1.13162,0.520784,1.49872,0.533505,0.881512,0.867058,1.21869,0.577066,1,1,1
33,1.09025,0.550549,0.885281,0.852344,0.610085,1.3234,0.929237,0.997172,0.989977,1.10367,1.33808,1,1,1
45,0.75599,1.28217,1.13454,0.858261,1.48875,0.864745,0.937329,1.47939,1.10394,1.01978,0.718734,1,1,1
46,0.554663,0.539963,1.04687,1.3179,1.15916,0.84402,0.522929,1.26219,0.961517,0.642293,0.715394,1,1,1
47,1.44452,0.557657,1.04165,1.09804,0.61576,1.44098,0.905973,0.522044,0.969276,0.761746,1.09384,1,1,1
48,0.636904,1.15102,0.63976,0.601259,1.18295,1.20404,0.96909,1.31203,0.952353,0.659118,0.932002,1,1,1
49,0.703965,1.28316,1.43194,0.860664,0.587827,1.04184,1.08691,1.10484,1.18289,0.976976,1.15515,1,1,1
50,0.902139,1.18063,1.4033,0.849807,1.11813,0.865875,0.6942,0.556141,0.719088,1.37437,1.03855,1,1,1
51,0.801471,1.11668,1.48281,1.42976,1.34035,1.00507,0.935791,0.948608,1.1298,0.970357,0.968809,1,1,1
52,1.35698,0.712257,1.14222,1.4127,0.963341,0.983513,1.05891,1.25016,1.25088,1.22415,1.30135,1,1,1
55,1.04617,0.876275,0.5498,1.39538,1.36601,0.827688,1.11247,0.864995,1.38129,0.574372,0.857304,1,1,1
58,0.897649,0.579692,0.994343,0.94185,1.16999,1.14662,1.10249,0.505334,0.994786,1.08434,1.31572,1,1,1
59,1.06389,0.538648,1.46388,1.03069,1.0907,0.814936,0.687014,1.39555,1.09633,0.592516,0.906899,1,1,1
63,0.760962,1.05315,1.23316,1.11415,0.856803,0.621477,0.888943,1.05579,1.20755,0.856163,1.17975,1,1,1
67,1.3847,1.12623,0.79184,1.34868,0.873657,0.924716,0.985829,1.23305,1.24554,0.783736,1.14691,1,1,1
68,0.890177,0.885652,0.638014,1.17948,1.37028,0.884099,1.45598,0.616174,1.40829,1.33517,0.667081,1,1,1
83,1.30234,0.744745,0.619083,1.02507,1.43132,1.43679,1.09237,0.759173,1.08738,1.39261,1.28241,1,1,1
88,0.679491,1.15994,0.567389,1.44348,0.549828,1.12628,0.611035,0.733147,0.763666,0.90607,1.38414,1,1,1
90,0.931861,0.766546,1.20357,0.801688,1.07632,1.11824,1.44021,0.501117,1.35884,0.533779,1.04865,1,1,1
91,0.976093,1.02045,1.15108,0.573217,0.51069,1.27934,0.629312,0.671852,0.581711,1.18952,1.26918,1,1,1
92,1.43957,1.01791,1.20525,0.851021,1.20691,1.43204,1.23138,0.909298,0.983239,0.787885,1.14105,1,1,1
93,0.96176,0.808359,0.931411,0.959689,0.90856,0.65449,0.807737,1.25604,1.09966,0.604769,1.39844,1,1,1
94,1.31766,1.4704,0.979374,1.1448,1.40259,0.537705,0.628508,1.09688,0.831566,1.36949,0.780393,1,1,1
99,1.45007,0.736755,0.876585,0.637027,0.851713,0.993777,1.10929,1.36639,1.01543,0.808734,1.09657,1,1,1
100,0.614414,0.572431,0.88468,0.988987,0.69615,0.688036,1.04594,1.44984,1.31283,0.695265,1.02624,1,1,1
102,0.678704,1.40955,0.849081,0.951342,1.27259,1.07869,1.38947,0.947473,1.39299,0.811237,0.75953,1,1,1
105,0.529474,1.38007,0.939179,0.724074,0.58889,1.13718,0.729659,0.752059,0.657421,1.05979,1.07881,1,1,1
106,0.796555,1.12982,1.45981,1.37192,0.652158,0.976791,1.25373,1.47729,1.31756,1.38895,0.72768,1,1,1
107,0.887105,0.566484,1.37611,1.27142,0.581138,0.716328,1.2487,1.13553,1.13505,0.932635,1.28488,1,1,1
108,0.91137,0.696263,1.11935,0.504766,0.841325,0.646861,1.20676,1.03994,1.42889,0.90882,0.766931,1,1,1
118,0.530094,0.956592,0.517637,1.21797,0.507693,1.33591,0.722697,0.559026,0.789447,0.871631,0.840819,1,1,1
125,1.348,0.609029,1.34684,1.27058,0.749922,0.534124,0.903696,1.14299,1.14017,1.0539,0.941616,1,1,1
131,1.15544,1.04523,0.523962,1.15024,1.36176,1.42843,1.33557,1.12595,1.08947,1.36471,1.16276,1,1,1
134,1.03662,1.0309,0.864196,1.0636,1.49823,1.24699,0.839818,1.05426,0.927959,0.925522,1.17777,1,1,1
148,1.43891,1.24272,1.35984,1.31863,0.540816,1.43924,1.34805,1.3758,1.4956,1.19418,0.938167,1,1,1
150,1.25155,1.08225,0.700274,1.18138,0.620745,1.17408,1.20793,1.38694,1.3425,0.863928,1.34106,1,1,1
155,0.676448,0.860411,1.11036,1.156,0.924913,1.37009,1.03133,0.755221,0.854469,1.26114,0.936026,1,1,1
158,1.29625,0.544675,0.501488,0.904301,0.616538,1.3911,1.42074,0.839422,1.39907,1.4817,1.2034,1,1,1
165,0.537785,1.27001,0.793343,0.769767,0.573653,0.959783,1.46161,1.42062,1.11657,1.48894,0.734732,1,1,1
170,1.45404,0.913347,1.10906,1.24909,1.10807,0.689531,1.26233,1.36332,1.02454,1.34019,1.1696,1,1,1
172,0.88371,0.943948,1.32551,0.920653,0.604348,1.05072,0.536377,0.658559,0.598186,1.18154,1.2465,1,1,1
176,0.756979,0.533078,0.717873,1.23286,0.942102,1.04817,0.886406,0.779159,1.13074,0.668815,0.559729,1,1,1
183,1.01979,1.29451,1.42181,1.08167,0.903659,1.04273,0.947157,1.48597,0.808851,0.813033,1.42363,1,1,1
184,1.28894,0.922445,1.41309,1.41117,1.35309,1.45345,0.783929,1.24268,1.07349,1.21309,1.00556,1,1,1
185,1.46331,1.45838,1.19636,1.44181,0.60735,1.16117,1.04784,0.687596,0.880607,1.37729,0.760041,1,1,1
190,0.563893,1.36676,0.814601,1.34648,0.843388,1.19292,1.35587,0.874565,1.20277,0.809575,0.637969,1,1,1
191,0.93684,1.44273,1.09013,0.902032,0.552529,0.661717,1.06668,1.45588,1.19379,1.42155,0.743094,1,1,1
192,0.671243,1.3535,0.842143,1.43101,0.994088,1.03688,1.40338,0.619101,1.38706,1.20449,0.663865,1,1,1
198,1.24157,1.43916,0.759274,1.37214,1.2582,1.296,0.914997,1.24168,1.30012,0.934505,0.809294,1,1,1
199,0.79983,0.771313,0.590907,0.839201,1.33771,1.15545,0.67184,0.816865,0.992585,0.524592,1.43108,1,1,1
201,0.549753,1.34554,0.706413,1.4032,1.48321,1.47231,0.787828,0.518397,0.922554,1.06639,1.3409,1,1,1
203,0.816049,1.46164,0.968586,1.27405,1.34595,1.31707,0.535178,0.528166,0.791518,1.40302,0.902808,1,1,1
210,0.711915,1.28546,0.833431,0.657692,0.91326,1.30957,1.31397,0.731687,0.986439,0.916294,0.82233,1,1,1
211,0.841686,0.582597,0.735728,0.930601,0.755224,0.847847,1.4733,0.860293,1.29333,0.800647,0.696123,1,1,1
213,1.25292,0.561794,1.30098,0.882447,1.43817,0.701823,0.528551,0.613424,0.682847,0.984055,0.649831,1,1,1
214,1.02151,1.10783,1.30861,0.655179,0.619979,1.22317,0.846064,1.46547,0.97291,1.47384,0.725037,1,1,1
216,0.652208,1.1714,0.680978,1.12246,1.4204,0.660873,1.25541,1.365,1.17478,1.49939,0.730785,1,1,1
219,1.27117,1.4385,1.43771,1.15307,1.2249,0.524953,0.802734,0.75039,0.828293,1.48779,1.10625,1,1,1
220,1.01866,1.24618,0.945596,1.15887,0.504191,1.30695,1.45812,1.22353,1.31363,0.538549,1.21942,1,1,1
221,0.502744,0.751456,1.46896,0.944331,0.57288,0.565938,0.784117,1.48971,1.07088,0.591993,1.31775,1,1,1
236,0.731348,1.49427,1.32715,1.24084,1.47959,0.82981,1.36519,0.855108,1.00898,0.532187,1.08772,1,1,1
237,0.677585,1.23156,0.781064,1.46174,1.02391,1.28504,0.745822,0.841334,1.17286,0.583183,0.99376,1,1,1
244,1.02992,0.888251,1.22766,1.28821,0.746878,1.17949,1.19835,1.25111,1.39382,0.772687,1.01049,1,1,1
245,0.729853,0.91655,0.94207,0.786676,1.19142,1.48079,1.03067,0.871281,1.24149,0.804401,0.859421,1,1,1
247,0.500452,1.10379,1.26684,0.901439,1.47472,1.47623,0.639623,0.84678,0.749331,1.44796,1.35268,1,1,1
249,0.725773,0.836295,1.45814,1.18579,0.864415,1.11002,1.26416,0.746826,1.25607,0.885508,0.924809,1,1,1
259,1.16746,0.874848,1.40104,1.11901,1.3673,1.4771,1.37682,0.832173,1.42578,1.38553,1.11678,1,1,1
264,0.519464,0.598509,0.520899,0.945118,1.32473,0.912163,1.02488,1.0984,0.956509,0.719557,1.26127,1,1,1
266,0.809699,1.26571,0.600914,1.37866,1.08253,0.810571,1.37736,0.520614,1.21008,0.660929,0.646077,1,1,1
268,1.26725,1.1695,1.31114,0.845308,0.57563,0.955855,0.898321,0.795276,1.07648,0.70914,1.24871,1,1,1
269,0.602105,0.67505,1.39346,1.01242,0.512753,0.687779,0.892347,1.22168,1.28815,1.3483,0.657986,1,1,1
272,0.609311,1.33758,1.17241,1.19294,0.565258,1.47063,0.510026,1.03345,0.513389,0.973346,1.38822,1,1,1
275,0.770503,0.622717,0.957598,0.859066,1.46812,0.931172,0.994041,0.664541,0.904006,0.502619,1.44991,1,1,1
276,1.40165,1.41048,0.608044,1.35531,1.42312,0.867843,0.944711,1.32793,1.21695,1.41757,1.16107,1,1,1
277,0.718115,1.33003,1.1651,0.981253,0.995797,0.657359,0.866536,1.19878,1.10873,0.519376,0.740996,1,1,1
278,1.33004,1.04499,1.45735,0.980457,1.44296,1.05686,1.0788,0.84385,0.988346,0.580957,1.32983,1,1,1
279,0.910442,0.781594,0.969494,0.707791,1.16056,1.4141,1.49537,1.11883,1.03846,1.19726,0.956,1,1,1
280,1.04918,1.0542,0.7749,1.06188,1.20897,1.063,0.567269,1.38528,0.652003,0.563262,1.43847,1,1,1
283,1.31409,0.646437,1.01106,1.2191,1.46332,0.579599,1.17049,0.934925,1.14223,0.73612,0.917818,1,1,1
285,1.25513,0.792927,0.779056,1.46443,0.93144,0.90759,1.1006,1.29469,1.42618,0.883666,0.97029,1,1,1
288,1.05354,0.980617,0.975824,1.26117,1.08179,0.592823,0.816844,1.48606,1.26316,0.526017,0.915224,1,1,1
291,1.48529,1.34789,1.18708,0.93505,0.691613,0.896867,0.616619,0.788391,0.786831,0.664161,0.944385,1,1,1
294,0.825501,1.08764,0.699502,0.966958,0.803492,1.15109,1.48741,1.2119,1.48038,0.79503,1.12467,1,1,1
295,1.44724,0.833597,0.524341,1.07249,0.881122,0.632873,0.500494,0.911953,0.868769,0.511399,1.037,1,1,1
296,1.48676,1.45492,1.02228,1.12704,1.22345,1.02346,0.881222,1.24919,0.788247,1.06933,1.27791,1,1,1
298,1.16209,0.596562,0.719257,0.673028,0.989021,0.830561,0.507473,0.957079,0.725742,1.21135,0.918448,1,1,1
307,0.613362,0.918209,0.548437,0.672983,0.599795,1.41709,1.23897,0.751195,1.19297,0.658043,0.854352,1,1,1
308,1.10785,1.24889,1.28299,1.14292,1.31675,1.13485,0.680764,1.36216,1.06506,1.1371,0.877636,1,1,1
310,1.45804,0.591451,1.34298,1.26651,0.930793,1.04963,0.854153,1.35725,1.04664,0.796228,1.49568,1,1,1
311,1.22415,0.664201,1.16362,0.646897,1.13097,1.33693,0.859335,1.39327,1.27063,0.626152,1.04078,1,1,1
313,0.955981,0.695806,1.47273,0.509132,0.542389,0.721092,0.669429,1.46964,0.900382,1.49322,1.05944,1,1,1
315,0.591106,1.1124,1.04591,0.674449,1.2,0.798184,0.68224,0.862728,0.739008,1.34498,0.991137,1,1,1
329,0.895382,1.40414,1.0639,1.18908,0.600164,1.06725,0.976761,1.13354,1.23338,0.607955,0.913337,1,1,1
330,0.954404,1.27621,0.964163,1.37742,1.2901,1.35351,1.33313,1.39679,1.1719,0.941822,1.04115,1,1,1
333,0.932102,0.796628,0.954507,1.01934,0.635424,1.08239,1.08359,1.14494,1.0445,1.49832,1.36289,1,1,1
335,1.34667,1.45152,1.40797,1.14753,1.06316,1.20006,1.20068,0.949183,0.841633,1.38734,1.41228,1,1,1
336,1.19803,0.761776,0.935096,0.833712,1.02592,0.893858,0.826673,0.614548,0.991293,0.61439,1.13204,1,1,1
338,1.18665,0.864011,0.632403,1.49224,1.22171,0.937858,1.30031,1.05131,1.30856,1.4632,1.09042,1,1,1
339,1.16145,0.753058,0.634918,0.774021,0.918745,1.381,1.42169,1.13829,1.43875,0.837619,0.778751,1,1,1
340,1.2016,1.35767,0.812739,0.765547,0.637393,1.01521,1.22553,0.793453,1.04859,0.921693,0.900666,1,1,1
343,1.0027,0.625573,0.843102,1.45814,0.844503,1.19804,1.00245,1.34134,1.34166,1.47141,1.12324,1,1,1
345,1.30172,0.616713,0.925451,0.872263,0.527391,1.25519,0.809995,1.37103,1.26657,1.05048,1.05728,1,1,1
346,0.85628,0.767441,0.785429,1.21507,1.02917,0.768613,0.980725,1.30623,1.04298,1.41858,0.862959,1,1,1
348,1.28945,0.993023,1.34704,0.952648,1.26966,0.974582,0.683567,0.913713,1.05908,0.935501,0.904054,1,1,1
349,1.33165,1.213,0.64781,1.39927,0.579184,0.891074,1.16609,0.822448,1.0514,1.35271,0.691033,1,1,1
354,0.748219,1.07275,1.20264,1.31972,1.48011,0.72617,1.40523,0.730268,1.29064,0.595411,0.982345,1,1,1
359,0.60587,0.65746,0.59786,1.02406,1.3012,0.774127,0.546024,1.3243,0.979319,1.11418,0.724917,1,1,1
362,1.0317,0.717219,1.01401,1.04885,0.889996,0.885034,0.763307,1.02783,1.05585,1.3613,1.48768,1,1,1
364,0.914008,1.19995,1.11794,1.37554,0.985235,1.23135,0.814731,1.00568,1.08102,1.27371,0.907331,1,1,1
368,0.553641,1.09989,1.4486,1.09139,1.364,0.918763,0.844385,0.621803,1.01185,1.1507,1.07758,1,1,1
369,0.665914,1.29561,0.604272,1.13871,1.44501,1.13676,0.675443,0.594566,0.762493,0.6151,1.06371,1,1,1
371,0.776676,0.585477,0.603842,1.17161,1.15273,0.791666,1.10841,1.24631,1.05391,0.735491,1.08619,1,1,1
372,1.29978,0.619221,1.14127,0.50726,1.09984,0.942947,0.9848,0.836391,0.834104,1.30248,0.864838,1,1,1
374,1.16491,1.06732,1.18049,1.16172,1.21733,0.733269,0.587102,1.02599,0.82138,0.991092,0.519061,1,1,1
375,1.21587,1.48123,0.757959,1.34011,1.17339,0.648122,1.36415,0.739014,1.34638,0.879806,0.693375,1,1,1
379,0.859711,1.32263,0.74042,0.810914,1.17514,1.27004,0.50154,0.882339,0.718839,0.842052,0.800067,1,1,1
387,0.99893,0.628356,1.44277,1.26043,0.578088,1.03193,0.776069,1.41883,1.25734,0.631501,1.3871,1,1,1
391,1.40522,0.958192,0.801925,1.25035,1.48247,0.518524,1.24203,0.75493,1.17929,0.681655,0.952986,1,1,1
396,1.37839,0.770701,1.05656,1.33141,1.45647,1.05154,1.03297,0.950859,1.09199,0.895233,1.35804,1,1,1
405,0.815864,1.36924,0.996038,0.896655,0.70098,1.42403,0.713578,1.23547,0.929565,0.83311,1.17337,1,1,1
409,1.46883,0.774159,1.42061,0.818242,0.790773,1.25887,0.559781,0.618478,0.825993,0.687814,0.628139,1,1,1
414,0.950812,0.964918,0.530888,1.24511,1.09694,0.728039,0.942227,1.27568,1.05663,1.04203,1.16643,1,1,1
416,1.30955,0.599081,0.873721,0.970999,1.0715,1.28804,1.41726,1.11162,1.14192,0.718646,1.01228,1,1,1
421,0.863081,0.595199,0.509983,0.8618,0.972658,0.563029,1.10583,0.689388,0.887221,0.890927,1.30393,1,1,1
428,0.628809,1.00511,1.16817,1.27836,1.19628,0.765954,0.769149,1.46132,0.871673,1.26467,1.27214,1,1,1
429,0.889456,0.954781,1.2999,1.45529,1.13115,1.32908,0.902117,0.620244,1.01976,0.852138,0.931833,1,1,1
431,1.24386,1.21381,0.769044,0.877686,1.47579,0.975293,1.03927,1.13293,0.934429,1.1186,0.959924,1,1,1
435,0.862543,0.93854,0.82993,0.743526,1.07267,0.926128,1.03549,1.25949,0.877032,0.817882,1.12621,1,1,1
436,0.733818,1.44128,0.531144,1.23857,1.05133,0.585227,1.35093,1.23932,1.37818,1.00913,0.830126,1,1,1
441,0.996189,1.42391,1.36922,1.18621,0.556849,0.806563,0.673608,0.973086,0.694969,0.952693,1.15069,1,1,1
443,0.57654,0.795601,0.663169,0.827637,0.533234,0.8489,1.12463,1.02356,1.26044,0.864374,1.0215,1,1,1
444,1.0676,0.889139,0.715821,1.35098,0.589174,1.35701,0.756795,0.975038,1.00928,0.857802,1.21682,1,1,1
446,0.657215,0.632725,1.11581,1.10659,1.23918,1.45128,0.724829,1.25568,0.980634,1.24505,1.36166,1,1,1
447,1.48191,0.909137,1.27441,0.626633,0.641663,0.720331,0.733182,1.31386,1.04947,0.841837,0.694274,1,1,1
448,0.608614,0.72211,0.984043,0.927066,1.32193,0.636284,1.01764,0.859286,0.981678,0.950674,0.851254,1,1,1
449,1.30328,1.46659,1.04836,1.18841,0.871415,1.34486,0.808107,1.32604,0.790829,0.778275,0.967018,1,1,1
450,1.47287,0.5133,1.4354,1.30474,0.583562,1.19114,1.4686,1.12741,1.49435,0.638625,1.06689,1,1,1
454,1.42015,1.24427,1.40596,1.47814,0.874827,0.622523,0.88773,1.19411,1.01243,1.10692,1.04998,1,1,1
455,1.20789,0.534227,0.540089,0.817521,0.86833,0.658991,0.960017,1.29086,1.23411,1.23409,1.11436,1,1,1
456,0.513836,0.859371,0.618096,0.784231,0.699279,1.29976,1.09681,1.28835,1.01604,0.876343,0.806619,1,1,1
457,1.02039,1.26462,1.27825,1.36582,1.49665,1.29691,1.16564,1.43055,1.49662,1.19339,0.81483,1,1,1
459,1.38124,0.856356,0.834494,1.03973,0.846054,1.25447,0.657232,0.546054,0.912513,1.01789,0.935909,1,1,1
461,1.13736,1.01417,1.33181,1.38818,0.719929,1.29061,1.02938,1.18629,1.1129,1.39,0.67319,1,1,1
463,1.1183,0.508651,1.12842,1.13688,1.116,1.48496,0.830501,0.688971,1.04576,0.726274,1.29919,1,1,1
464,0.620381,0.547608,1.3659,0.855336,1.35436,0.529673,0.646446,1.32553,0.771952,0.897365,1.46956,1,1,1
465,1.34291,0.733591,0.755141,1.20987,0.857175,1.26888,0.958241,1.05922,1.32918,0.713539,1.04614,1,1,1
468,1.00386,1.49771,0.912147,1.43611,1.31821,0.678538,1.25968,1.2125,0.95875,1.24044,1.28038,1,1,1
470,1.15693,1.37236,1.26389,0.556693,1.07337,0.903734,0.505151,0.940324,0.649102,0.739553,1.08375,1,1,1
478,1.18879,0.878121,0.98635,1.4654,1.27661,0.722962,1.43026,1.14527,1.34556,1.1715,1.22703,1,1,1
479,0.839431,1.48741,1.49026,1.05271,1.15765,1.38521,1.02003,1.2477,1.12698,0.996071,0.699289,1,1,1
483,1.20308,0.870543,0.970848,0.811163,1.33814,1.1609,0.752121,1.41265,0.698066,1.48981,1.22142,1,1,1
484,0.50874,0.760679,0.966216,0.963217,0.51446,1.14458,1.07398,0.665187,1.15033,0.515239,0.841452,1,1,1
487,1.14075,0.757876,1.31051,1.44558,0.816312,1.16298,1.27049,0.700867,1.31993,1.26223,1.34861,1,1,1
488,0.988317,0.709554,0.525697,0.834061,0.947884,1.36389,0.576564,1.01721,0.911645,1.17359,0.768183,1,1,1
490,0.632049,0.769165,0.891811,1.17464,0.9764,0.675198,1.05159,0.852975,1.22096,1.38133,1.35657,1,1,1
505,0.789913,1.36086,1.04767,1.24735,1.25339,1.15989,0.545029,1.09552,0.806891,1.4095,1.17529,1,1,1
508,1.00605,0.737375,0.729119,0.64067,1.01961,1.21645,1.00076,0.903399,0.964222,1.16952,1.16427,1,1,1
509,1.39423,1.07863,1.0081,1.26828,0.996642,0.939151,0.953775,0.645354,1.02869,0.564415,0.834187,1,1,1
520,0.855656,1.01855,0.782674,0.953853,0.853503,0.727106,0.718676,0.804994,1.07795,1.43312,0.838178,1,1,1
522,0.515908,0.831707,1.3562,0.916827,0.998532,0.649209,1.45302,1.40777,1.37278,0.622173,1.00734,1,1,1
523,1.18009,1.3891,0.737088,1.46775,0.535925,0.74571,1.09926,0.915139,1.30408,1.24909,1.17188,1,1,1
526,0.627767,0.75483,0.972541,0.862348,1.31731,0.866624,0.740571,1.27413,0.857,0.823935,1.05359,1,1,1
532,1.06933,0.828818,1.20981,1.33778,0.758412,1.18869,0.72881,1.25711,0.997312,0.652057,1.35496,1,1,1
533,0.76527,1.10154,0.960209,1.4631,1.42654,1.29367,0.959912,1.1973,1.44107,0.95392,0.856295,1,1,1
535,0.835862,1.10986,1.26054,0.762246,0.558745,1.01824,0.693175,0.686434,0.936584,0.767786,1.01397,1,1,1
546,1.23059,0.903813,0.70579,0.670664,0.817988,1.39037,1.43298,0.888674,1.03025,1.31672,1.15926,1,1,1
547,1.0357,0.973151,1.48625,0.846378,0.988485,0.755105,1.13966,0.805191,0.959613,0.569977,0.891545,1,1,1
551,1.28663,1.49173,1.1462,0.666471,0.61857,0.914226,0.581501,1.16776,0.629081,0.91051,1.08529,1,1,1
552,0.9133,0.842572,1.12963,1.22331,1.25971,0.813165,0.810471,1.03483,1.14533,1.46139,0.753037,1,1,1
554,0.653653,1.36254,0.948508,0.934814,1.49315,1.24374,0.896114,1.12452,0.987284,0.599773,0.961661,1,1,1
558,1.21936,0.813241,0.766641,1.46806,1.38051,1.42241,0.586197,1.28788,0.913067,1.49747,1.23753,1,1,1
559,1.49405,1.49649,1.39086,0.894402,1.20411,1.10524,1.44593,1.34323,1.22131,0.889343,0.945886,1,1,1
562,1.43001,1.42698,0.736222,0.983372,0.701694,0.590283,1.18099,1.44361,1.29159,1.11684,0.850639,1,1,1
563,1.11245,0.931599,0.983221,1.47753,0.675281,0.545762,0.7396,1.21637,1.12316,1.26696,1.1207,1,1,1
570,0.59944,1.27823,1.37057,1.03293,0.567344,0.863375,1.16006,0.71607,0.891903,1.47414,1.16038,1,1,1
574,0.612256,0.865827,0.952936,1.15103,0.750431,1.09144,0.936709,1.31631,1.40365,1.27497,0.88993,1,1,1
577,0.5974,1.13193,1.12174,0.91324,0.500258,0.517519,0.992402,0.707552,1.06433,1.24255,1.20495,1,1,1
578,0.715828,1.35656,1.04445,0.875659,1.36509,1.44742,0.934318,0.853175,0.767274,0.926358,1.19018,1,1,1
579,1.46928,1.0976,0.598955,1.23011,1.02262,0.519509,0.655117,0.565385,1.06053,0.960905,0.669258,1,1,1
580,1.19058,0.940464,0.859695,0.813896,1.34685,1.24583,0.780242,0.914306,1.06258,0.654825,0.713233,1,1,1
581,0.850904,0.852161,0.78894,0.954717,1.13254,0.970677,1.46752,1.12837,1.48139,0.711692,1.24065,1,1,1
582,0.716666,1.02368,1.2421,1.02269,0.764922,0.68105,1.06167,0.945716,1.20434,1.20052,0.784145,1,1,1
584,0.587428,0.740037,1.22398,1.2067,1.31964,1.08379,0.997547,1.21703,1.05073,1.40198,0.640999,1,1,1
586,1.26201,1.36828,1.10221,0.830969,0.740712,0.77781,0.868215,0.919186,0.985376,0.792689,1.03298,1,1,1
589,1.42975,0.854841,0.847126,1.14909,0.757093,1.25914,1.09883,1.05305,1.38572,1.45797,0.660037,1,1,1
594,1.437,0.858347,0.940455,1.48761,0.582465,0.67356,1.32157,0.912221,1.44511,0.617259,0.999846,1,1,1
603,0.842345,1.03785,0.87835,0.856834,1.46677,0.815678,0.593325,1.28946,0.783977,0.786398,0.634242,1,1,1
604,0.540514,0.748638,0.956486,0.63165,0.806851,0.704965,0.97852,1.31957,0.916355,0.791155,0.84907,1,1,1
606,0.807844,1.45007,1.19751,0.761692,0.795955,0.676145,1.38204,1.01088,1.11862,0.561028,0.933801,1,1,1
609,1.08182,0.919797,0.675659,0.973389,0.596755,0.535985,1.1289,0.681428,1.13201,0.936108,0.683409,1,1,1
617,1.34714,1.43464,1.4154,0.823751,0.73686,0.629993,0.605977,1.07786,0.885473,1.12037,0.965136,1,1,1
619,1.03234,1.20444,0.682031,1.30269,0.505564,1.00322,0.738303,1.19292,1.16273,0.562489,1.42003,1,1,1
625,1.09374,0.611695,1.47961,0.971647,0.782512,0.839344,0.626959,1.03887,0.735452,1.18702,0.795582,1,1,1
633,1.31633,1.05879,1.3942,1.28695,1.39748,1.41944,1.44632,1.10837,1.15867,1.08159,0.998404,1,1,1
637,1.15817,0.65298,1.17174,0.533612,1.38858,0.880885,1.16878,1.49095,1.2594,1.26588,0.871762,1,1,1
639,0.673534,1.13702,1.43045,1.33468,0.977156,0.698683,0.781341,1.48734,1.10592,0.768854,0.671859,1,1,1
641,1.35032,1.30158,0.630857,1.07532,1.40109,1.08992,0.504582,1.28524,0.681958,1.06863,0.771417,1,1,1
643,1.28545,0.785777,1.15202,0.884954,0.791319,1.28014,0.56894,1.01397,0.616262,1.19951,1.19169,1,1,1
644,0.96473,1.32682,1.07016,0.924031,0.63063,1.17153,0.923816,1.29586,0.99322,0.865434,0.733322,1,1,1
648,1.39741,0.896886,0.762037,1.23797,0.971314,0.821165,0.782825,0.955928,0.873302,0.68506,0.798357,1,1,1
652,0.951337,1.08477,0.643243,1.1526,0.814698,0.778798,1.37551,1.01102,1.27127,1.15124,0.972766,1,1,1
653,0.579137,1.32008,0.616021,0.738191,0.766825,1.49295,1.42728,1.44791,1.08828,1.41906,0.883258,1,1,1
654,1.38829,1.40579,0.667782,1.39764,0.759953,1.04761,1.45456,1.04704,1.39893,1.21582,1.40821,1,1,1
655,1.29832,1.15423,0.642034,1.38383,0.611145,0.729973,0.557001,1.37316,0.653017,1.00707,1.41008,1,1,1
657,1.1829,0.647095,0.662918,0.717169,0.893099,1.28763,1.03871,0.729943,1.23715,1.04654,0.763382,1,1,1
658,1.24916,0.607823,0.580819,1.35128,1.45567,1.36262,1.42444,1.16871,1.30566,0.570731,1.03386,1,1,1
659,1.14296,1.23314,1.21423,0.611901,1.32396,0.875682,0.524791,0.506006,0.712137,0.587871,0.786521,1,1,1
664,0.688718,0.653281,1.36304,0.758675,0.90514,0.643865,1.29877,1.31451,1.0856,0.866227,1.19309,1,1,1
666,1.05531,0.866048,1.4298,1.29211,0.986919,1.00766,1.02828,1.3447,1.07242,1.39912,0.887478,1,1,1
672,0.819799,0.542762,1.08088,1.33544,0.727162,0.849512,1.19596,1.48364,1.239,0.634998,0.995147,1,1,1
678,0.965252,0.504687,0.614652,0.759536,0.633731,1.11197,0.838387,1.47231,1.45614,1.0416,0.835746,1,1,1
681,0.905079,1.4336,0.827037,0.837772,0.576869,1.44555,1.10104,0.833053,0.84807,0.540398,1.39023,1,1,1
686,1.32232,1.38549,1.06701,1.20368,0.932429,1.42937,1.4111,1.3766,1.19198,1.14899,0.919719,1,1,1
688,0.971911,1.47732,0.686709,1.25654,0.961244,0.572918,0.93966,0.660892,0.939397,0.547729,0.624044,1,1,1
689,0.906343,0.984981,0.730139,0.692979,1.18665,1.23672,1.00974,1.3991,1.20903,1.0702,1.21038,1,1,1
694,1.42798,1.44711,0.552964,0.956415,1.05468,0.969463,0.720729,1.08786,0.819623,0.516454,0.831226,1,1,1
696,0.963857,0.697681,1.42612,1.11358,1.41696,0.820493,0.845551,1.38727,0.836498,0.873195,1.29146,1,1,1
698,0.937903,0.843235,1.43238,1.03373,0.655667,1.4746,1.27928,0.634848,1.44321,1.49036,0.695853,1,1,1
705,1.47389,0.684247,0.550394,0.612031,0.833081,1.21899,0.599074,0.932136,0.861814,0.967002,1.25056,1,1,1
710,1.4976,1.33384,0.872132,1.4954,0.944128,1.23226,1.13622,1.2617,1.10042,1.03256,1.25492,1,1,1
716,1.19972,0.719005,1.40826,1.1725,0.962583,1.30479,1.33731,1.35135,1.18146,0.579405,1.25382,1,1,1
718,1.10442,0.506826,1.02158,1.2877,0.653583,0.804633,1.21093,1.24403,1.38046,1.3438,1.37085,1,1,1
721,1.49378,1.20272,0.672916,1.02122,1.33687,0.780097,1.15422,1.17102,1.47905,1.14246,0.916381,1,1,1
727,1.10905,0.587809,0.840149,1.27304,1.27304,1.45483,0.638559,1.38214,1.25494,1.24737,0.776177,1,1,1
729,1.05905,0.680705,0.933486,0.752904,1.33379,1.40215,1.18648,0.65505,1.24367,0.9799,1.26767,1,1,1
741,1.22247,1.13254,0.519947,1.09056,0.666198,1.15434,1.12947,0.80355,1.34947,0.816329,0.783846,1,1,1
743,1.07404,1.18419,1.36884,1.01334,1.18531,1.16807,1.14206,1.06731,1.26996,1.37532,1.06531,1,1,1
745,0.580339,1.04347,1.13331,1.16065,1.45977,1.03079,1.40725,1.37785,1.40081,1.3096,1.33192,1,1,1
746,1.46732,1.28824,0.900094,0.989035,0.519169,1.09367,0.603365,0.808638,0.802685,1.04595,0.643337,1,1,1
747,0.626017,0.892089,0.518456,1.04524,0.634626,1.39929,0.750443,1.45023,0.757608,1.2792,1.38367,1,1,1
751,1.26807,0.527359,1.1691,1.09506,1.05543,0.625219,0.512481,1.06611,0.709872,1.32422,0.895643,1,1,1
757,0.782116,1.35921,1.24492,0.888596,0.840422,0.583431,1.30516,1.17625,1.02522,1.0572,0.700009,1,1,1
758,1.46098,1.16507,1.05803,0.77628,0.81954,0.512922,1.30383,0.819679,1.0711,0.730914,1.00115,1,1,1
765,0.562433,1.1816,1.23541,1.29664,0.799297,1.22097,0.554984,1.47516,0.747303,1.25172,0.741872,1,1,1
767,0.518216,0.549131,0.601278,0.54293,1.25669,1.41392,1.36743,0.753595,1.14628,0.558667,1.03703,1,1,1
774,1.16812,0.63553,1.2121,0.975888,0.823799,0.748421,0.676921,0.603506,1.11431,1.33857,0.739326,1,1,1
778,1.32696,0.991969,0.806469,1.19917,0.665457,1.43879,1.27201,1.06424,1.08272,1.08989,1.47358,1,1,1
785,1.00002,1.41384,1.36182,0.737652,1.26365,1.24111,0.813047,0.643852,0.852636,1.13867,0.792237,1,1,1
791,1.26633,0.583995,1.08789,0.819378,0.663057,0.892986,1.0255,0.809072,1.02383,0.586917,1.33215,1,1,1
792,0.753737,1.42048,0.825639,0.987216,1.40301,1.37407,1.05018,1.36926,1.20666,0.594311,1.02951,1,1,1
793,0.745352,1.47239,1.40696,1.00518,1.23274,0.506288,0.736643,0.692964,0.811845,1.41328,1.13531,1,1,1
798,0.851783,1.11097,0.94428,1.16778,0.509341,0.996906,1.48458,1.35003,1.3234,1.36029,0.951344,1,1,1
800,1.2395,0.608075,0.593697,1.38918,1.4288,1.26274,1.26522,1.09127,1.17814,1.40221,0.855624,1,1,1
808,0.921557,1.39065,0.906984,0.921741,1.23008,0.785439,1.39029,1.38985,1.15753,1.12144,0.940879,1,1,1
813,1.08839,0.605644,0.656997,0.933149,1.24571,0.960025,0.857494,1.31553,1.15267,0.546161,0.774108,1,1,1
816,0.674145,0.80397,0.690158,1.03523,0.916728,0.674975,1.22814,0.883381,0.921556,1.35335,1.08263,1,1,1
817,0.76738,1.45597,1.43877,1.00671,1.24002,0.642677,0.983261,1.11539,0.93576,1.43417,0.703906,1,1,1
821,0.611381,0.768001,1.38008,1.03839,0.724875,1.42377,1.49261,1.365,1.20004,0.992728,0.688539,1,1,1
822,1.08058,0.555181,0.500151,1.3633,0.555826,0.669373,1.27502,0.938785,1.29714,1.16099,0.737076,1,1,1
824,1.10034,0.671512,1.00101,1.24121,0.550874,1.08402,0.525444,1.27019,0.903178,0.790341,1.30466,1,1,1
825,1.1952,1.13944,0.910423,1.22875,1.129,0.762349,0.981146,0.865003,0.920201,1.47923,1.37638,1,1,1
827,0.814449,1.18681,0.929748,1.36817,1.44632,0.586386,1.43946,1.01566,1.07995,0.651395,1.07259,1,1,1
829,1.33794,1.12217,0.505594,0.826808,0.772614,0.695978,0.904018,0.653121,1.30295,0.686333,0.773991,1,1,1
838,1.26966,0.581447,0.527988,1.25353,0.974566,0.995713,1.04695,1.14313,1.33738,0.826869,1.43333,1,1,1
840,1.2313,0.812408,0.763374,0.842782,1.2204,1.33925,1.13872,0.968025,1.20101,1.45219,0.617087,1,1,1
841,1.09222,1.10568,0.754684,1.19535,0.584194,0.550745,0.870086,1.30229,0.966144,0.657038,0.761441,1,1,1
843,0.707376,0.645883,0.917524,0.775875,1.05756,1.22577,1.30715,0.917503,1.02974,0.776823,1.10196,1,1,1
855,0.933056,0.633012,1.2797,1.48364,0.760505,0.538666,1.31668,1.42613,1.43663,0.802357,0.674109,1,1,1
857,1.40216,0.61278,1.26984,0.510815,0.669079,0.997701,0.820483,0.524138,0.860126,1.02313,0.61992,1,1,1
862,1.40873,0.516405,0.815818,0.899198,1.43763,0.692802,1.47709,0.659936,1.28149,0.677688,0.83992,1,1,1
863,1.2704,0.707007,0.831324,0.850183,0.992227,1.45839,0.662754,0.667528,0.784337,1.45456,0.885544,1,1,1
864,0.616589,1.34857,1.02302,0.928453,0.911097,0.605818,1.1218,1.42296,0.999326,1.17601,1.15704,1,1,1
865,1.31839,1.00057,1.29086,0.695224,1.1651,0.965579,1.1993,1.02069,0.984701,1.10164,1.01723,1,1,1
868,0.867486,0.567924,0.74184,0.609816,0.821109,1.10442,1.33631,0.894866,1.13954,1.29484,0.654611,1,1,1
872,1.35268,0.636046,1.17566,1.40993,1.14232,1.04568,1.17408,1.46287,1.15995,0.971487,1.05212,1,1,1
873,0.538779,0.970304,1.47386,1.04321,1.13573,0.521929,1.27182,0.821508,1.03936,1.11995,1.08188,1,1,1
874,1.17054,0.777279,1.13181,1.33681,0.718952,0.930388,0.770521,1.3598,1.27993,0.553801,0.946635,1,1,1
876,1.22301,1.26173,0.585999,1.38076,0.720423,1.42786,1.49883,0.510753,1.02268,1.06558,1.12141,1,1,1
879,0.892754,0.728977,0.545433,0.643324,0.892672,1.19674,0.871264,0.951199,0.895856,0.801057,0.738421,1,1,1
880,0.778734,1.4857,0.862126,1.05748,0.926434,0.7636,0.555106,0.65031,0.685183,0.582039,0.896905,1,1,1
881,1.31985,0.997786,0.568261,0.949569,1.4659,0.737417,1.25191,0.856128,1.3566,1.28984,0.754179,1,1,1
882,0.861985,0.759507,1.40205,0.563587,0.756209,0.63552,0.600227,1.47485,0.773835,0.843364,1.2339,1,1,1
888,1.48,0.837197,1.33425,1.14576,0.951921,0.900055,1.10404,0.64246,1.27752,0.655135,0.687253,1,1,1
892,0.784744,0.789011,0.650995,1.16606,0.778328,0.879566,1.28956,1.15164,1.47079,1.46893,0.964001,1,1,1
893,0.923793,1.25523,1.01683,1.08513,1.14194,0.680469,0.773149,1.00879,0.945115,1.40691,0.860786,1,1,1
895,1.39107,0.514198,1.32472,0.678592,0.895305,0.822509,0.706621,0.878474,1.03224,0.901183,1.27022,1,1,1
897,0.710144,1.37139,1.36059,1.08785,1.16345,0.715598,0.670723,1.35361,0.564937,1.41261,1.33388,1,1,1
899,0.962735,0.849487,0.659324,0.843124,1.37413,1.20229,1.11492,0.566382,1.1473,1.02448,1.3423,1,1,1
901,1.09114,0.57133,1.1811,1.20265,0.8094,1.16348,0.561909,1.14067,0.679356,0.886943,1.36405,1,1,1
903,1.09,0.54134,0.562466,1.08692,1.35087,0.600088,1.01298,1.15253,1.09344,1.12691,0.8869,1,1,1
906,1.17902,0.794383,1.39661,0.807119,0.876618,1.02291,0.995413,1.42599,0.928994,1.34228,0.875471,1,1,1
909,1.40084,0.976089,1.21576,1.04724,0.553174,0.761129,1.22298,0.725872,1.21885,0.629272,0.791655,1,1,1
912,0.958213,1.14052,0.985083,0.990932,1.00351,1.31944,1.22126,0.694359,0.937073,0.870104,0.793313,1,1,1
914,1.0165,0.69004,1.35539,0.789671,1.42596,0.770058,1.15377,1.00485,1.30358,1.49189,0.782847,1,1,1
915,1.24723,0.734278,1.49297,0.805203,0.745971,0.544437,1.17858,0.516542,1.28701,0.554276,0.84735,1,1,1
919,1.01512,0.887794,0.574758,1.38297,1.2261,0.531597,0.930831,0.526623,1.44708,1.46249,0.666122,1,1,1
923,1.44641,0.820275,1.35184,0.731559,1.25755,0.548219,0.762323,0.840132,0.793025,1.44491,1.19726,1,1,1
924,0.723363,0.67705,0.613694,0.772997,0.890964,0.85844,1.2818,0.567582,1.09431,1.40057,1.06419,1,1,1
927,1.37103,0.548934,1.14017,0.582959,1.31079,1.0985,1.21606,0.539802,1.31498,0.729867,0.677605,1,1,1
929,1.15167,1.07525,1.22876,1.48678,0.909564,1.10619,1.39219,0.637546,1.28933,1.39073,0.726904,1,1,1
930,1.06065,1.41487,1.18504,0.912962,1.3843,0.989364,1.14587,1.00778,1.23658,1.02277,1.01844,1,1,1
932,0.552988,1.28408,0.758367,0.623149,1.44499,0.868763,0.637168,0.547317,0.54256,0.646797,1.11393,1,1,1
936,0.510083,0.604211,0.760416,1.14173,0.566917,0.560062,0.796357,1.43995,1.41574,1.35183,0.63227,1,1,1
938,1.0736,0.502902,0.835967,0.540321,0.99904,1.01076,1.17112,0.995106,1.21391,0.653617,0.707407,1,1,1
940,0.619134,0.905447,0.865286,1.1036,0.70508,0.627247,0.804819,1.14767,1.03319,0.740581,0.894391,1,1,1
941,0.949402,1.47884,1.38611,0.828262,1.20706,0.513339,1.21313,1.0262,1.33435,1.38498,0.751161,1,1,1
946,1.26125,1.12434,1.24368,0.964659,0.621275,1.47527,0.864901,0.891629,1.06645,1.07273,1.0007,1,1,1
951,1.43223,0.841142,1.39106,1.3094,1.4225,1.08881,0.503661,1.15915,0.859175,1.26999,1.17471,1,1,1
952,0.987598,1.29013,0.753385,1.34475,1.41194,1.2176,0.920264,1.41465,1.2123,0.747083,1.29742,1,1,1
955,0.843013,1.3845,0.950136,1.3799,1.49461,0.988836,1.33977,0.538833,1.4096,1.29958,0.785294,1,1,1
956,1.11043,0.648401,1.25937,0.795859,0.933153,0.710709,1.20923,1.05882,1.06132,1.32637,0.653516,1,1,1
958,1.39062,0.62765,0.646554,1.48568,0.709261,1.2471,0.698776,1.08525,1.13373,0.648567,1.32383,1,1,1
962,1.32914,1.10256,1.28184,1.3602,0.543485,0.787314,1.04218,0.778086,1.31635,1.20538,0.594675,1,1,1
963,1.27351,0.593949,0.738131,0.686082,0.945531,0.699467,0.727843,1.20533,1.16667,0.983574,1.01127,1,1,1
966,1.25316,1.31415,1.44664,1.48033,1.47876,1.10802,0.565117,1.04045,0.998121,0.520562,0.926552,1,1,1
976,1.23822,0.983089,0.958455,1.29856,1.42123,0.782831,0.579907,1.10299,0.691807,1.14931,1.21479,1,1,1
979,0.668405,0.523116,0.886164,0.794313,0.739199,0.943164,1.01908,1.0781,1.28477,1.46484,0.732106,1,1,1
981,0.735114,0.528217,1.26888,1.10579,0.90211,1.03535,1.12637,1.27106,1.35267,1.03425,0.582847,1,1,1
994,1.43438,1.2564,0.773576,0.679568,1.25186,0.91379,0.832834,0.928265,1.04183,0.947957,0.88451,1,1,1
995,0.785272,0.594706,0.57327,1.40184,0.827356,1.30166,1.43549,1.20866,1.16816,1.1617,1.11175,1,1,1
996,0.719732,0.573529,1.48468,0.89152,1.15876,0.525239,0.537446,0.649066,0.764553,0.896405,1.4832,1,1,1
998,1.18589,0.715407,1.17022,0.682489,1.35582,0.871968,1.16273,0.978069,1.09071,0.66543,1.05436,1,1,1
